keyword,cluster,volume,kd,cpc,intent,trend,ai_overview,score,verdict
clerk mcp,server-detail,210,13,21.22,"Informational, Transactional",rising,False,4.7,do
21st.dev mcp,server-detail,170,12,0.0,"Informational, Transactional",rising,False,4.7,do
apifox mcp,server-detail,170,10,9.29,"Informational, Transactional",rising,False,4.7,do
21st dev mcp,server-detail,140,9,14.97,"Informational, Transactional",rising,False,4.7,do
ableton mcp,server-detail,140,12,0.0,"Informational, Transactional",rising,False,4.7,do
coda mcp,server-detail,140,10,7.57,"Informational, Transactional",rising,False,4.7,do
mcp herzog,server-detail,140,10,0.0,"Navigational, Transactional",rising,False,4.7,do
metabase mcp,server-detail,110,13,5.48,"Informational, Transactional",rising,False,4.7,do
rive mcp,server-detail,110,14,0.92,"Informational, Transactional",rising,False,4.7,do
linear mcp codex,other,1000,25,20.62,"Informational, Transactional",rising,False,4.45,do
gitlab mcp,server-detail,880,22,0.0,"Navigational, Transactional",rising,False,4.45,do
framer mcp,server-detail,720,18,23.12,"Informational, Transactional",rising,False,4.45,do
airtable mcp,server-detail,590,21,7.01,Transactional,rising,False,4.45,do
tron 1982 mcp,server-detail,590,28,0.0,"Informational, Transactional",rising,False,4.45,do
asana mcp,server-detail,480,19,7.03,"Navigational, Transactional",rising,False,4.45,do
posthog mcp,server-detail,480,17,6.46,"Navigational, Transactional",rising,False,4.45,do
zotero-mcp,other,480,23,0.0,"Informational, Transactional",rising,False,4.45,do
composio mcp,server-detail,390,21,8.13,Transactional,rising,False,4.45,do
miro mcp,server-detail,390,29,0.0,"Navigational, Transactional",rising,False,4.45,do
webflow mcp,server-detail,390,17,11.21,"Informational, Transactional",rising,False,4.45,do
airtable mcp server,server-detail,320,23,3.07,"Informational, Transactional",rising,False,4.45,do
best mcp servers for claude code,server-detail,320,10,5.5,Commercial,rising,True,4.45,do
clickup mcp server,server-detail,320,25,5.88,"Informational, Transactional",rising,False,4.45,do
glean mcp,server-detail,320,20,2.67,"Navigational, Transactional",rising,False,4.45,do
asana mcp server,server-detail,260,21,6.09,"Navigational, Transactional",rising,False,4.45,do
todoist mcp,server-detail,260,23,1.91,"Informational, Transactional",rising,False,4.45,do
twitter mcp,server-detail,260,11,0.0,Commercial,rising,False,4.45,do
zoho mcp,server-detail,260,25,92.56,"Navigational, Transactional",rising,False,4.45,do
apollo mcp,server-detail,210,27,14.67,"Informational, Transactional",rising,False,4.45,do
dataforseo mcp,server-detail,210,26,7.89,"Informational, Transactional",rising,False,4.45,do
pagerduty mcp,server-detail,210,27,9.66,"Navigational, Transactional",rising,False,4.45,do
sentry mcp server,server-detail,210,28,4.8,"Informational, Transactional",rising,False,4.45,do
shopify dev mcp,server-detail,210,23,0.0,"Informational, Transactional",rising,False,4.45,do
zillow mcp,server-detail,210,10,2.45,Commercial,rising,False,4.45,do
launchdarkly mcp,server-detail,170,15,14.41,"Navigational, Transactional",rising,False,4.45,do
pdf mcp,server-detail,170,26,0.0,"Informational, Transactional",rising,False,4.45,do
semgrep mcp,server-detail,170,29,8.28,Transactional,rising,False,4.45,do
shadcn ui mcp server,server-detail,170,23,0.0,"Informational, Transactional",rising,False,4.45,do
webflow mcp server,server-detail,170,23,8.16,"Informational, Transactional",rising,False,4.45,do
mcp shopify,server-detail,140,22,0.0,"Informational, Transactional",rising,False,4.45,do
okta mcp server,server-detail,140,25,8.82,"Navigational, Transactional",rising,False,4.45,do
sourcegraph mcp,server-detail,140,18,4.5,"Navigational, Transactional",rising,False,4.45,do
todoist mcp server,server-detail,140,24,0.0,"Informational, Transactional",rising,False,4.45,do
twilio mcp,server-detail,140,25,6.47,"Navigational, Transactional",rising,False,4.45,do
wiz mcp server,server-detail,140,20,0.0,"Navigational, Transactional",rising,False,4.45,do
braze mcp,server-detail,110,17,28.39,"Informational, Transactional",rising,False,4.45,do
databricks managed mcp servers,server-detail,110,29,5.99,"Informational, Transactional",rising,False,4.45,do
factset mcp,server-detail,110,20,5.4,"Navigational, Transactional",rising,False,4.45,do
figma mcp antigravity,other,110,23,0.0,"Informational, Transactional",rising,False,4.45,do
gong mcp,server-detail,110,21,10.85,"Informational, Transactional",rising,False,4.45,do
mcp jam,server-detail,110,24,0.0,"Informational, Transactional",rising,False,4.45,do
mcp vs function calling,comparison,110,10,0.0,"Informational, Commercial",rising,True,4.45,do
mulesoft mcp server,server-detail,110,29,9.88,"Navigational, Transactional",rising,False,4.45,do
testsprite mcp,server-detail,110,20,7.12,"Navigational, Transactional",rising,False,4.45,do
mcp rules,server-detail,110,6,0.0,"Informational, Transactional",flat,False,4.4,do
rag vs mcp,comparison,720,26,3.38,"Informational, Commercial",rising,True,4.2,do
mcp vs cli,comparison,390,28,12.11,"Informational, Commercial",rising,True,4.2,do
cli vs mcp,comparison,260,26,15.53,Commercial,rising,True,4.2,do
mcp security best practices,security,210,24,12.31,Commercial,rising,True,4.2,do
mcp web search,other,210,20,0.0,"Informational, Commercial",rising,True,4.2,do
acp vs mcp,comparison,170,29,0.08,"Informational, Commercial",rising,True,4.2,do
claude desktop mcp configuration,setup-tutorial,170,29,0.0,"Informational, Commercial",rising,True,4.2,do
mcp 市场,other,170,28,1.11,Commercial,rising,False,4.2,do
a2a protocol vs mcp,comparison,140,25,2.34,Commercial,rising,True,4.2,do
api vs mcp,comparison,140,27,0.0,"Informational, Commercial",rising,True,4.2,do
claude mcp.json,claude-mcp,140,29,0.0,Commercial,rising,False,4.2,do
mcp vs agents,comparison,140,19,5.06,"Informational, Commercial",rising,True,4.2,do
computer use mcp,server-detail,110,20,11.78,Commercial,rising,False,4.2,do
mcp server security,security,110,28,9.7,Commercial,rising,False,4.2,do
mcp sse vs streamable http,comparison,110,20,0.0,"Informational, Commercial",rising,True,4.2,do
mcp updates,server-detail,880,29,0.0,"Informational, Transactional",flat,False,4.15,do
skyward mcp,server-detail,880,13,0.0,Commercial,flat,False,4.15,do
mcp assembly,server-detail,390,24,0.0,"Informational, Transactional",flat,False,4.15,do
mcp pectin,server-detail,260,10,0.8,"Informational, Commercial",flat,True,4.15,do
nx mcp server,server-detail,210,23,0.0,"Informational, Transactional",flat,False,4.15,do
langchain tool-calling 和 mcp 的区别,mcp-tools,170,8,0.0,Commercial,flat,True,4.15,do
mcp lloyd,server-detail,170,17,0.0,"Informational, Transactional",flat,False,4.15,do
supermicro mcp-290-00014-00,other,170,7,0.0,Commercial,flat,True,4.15,do
mcp brakes,server-detail,110,6,0.39,Commercial,flat,False,4.15,do
mcp calendar,server-detail,260,7,0.0,"Informational, Transactional",falling,False,4.1,do
xero mcp server,server-detail,260,6,7.16,"Informational, Transactional",falling,False,4.1,do
langchain_mcp_adapters,other,170,11,0.0,"Informational, Transactional",falling,False,4.1,do
trae mcp,server-detail,140,12,4.73,"Informational, Transactional",falling,False,4.1,do
mastra mcp,server-detail,110,14,0.0,"Informational, Transactional",falling,False,4.1,do
zed mcp,server-detail,110,14,0.0,"Informational, Transactional",falling,False,4.1,do
granola mcp,server-detail,90,13,0.0,"Informational, Transactional",rising,False,4.1,do
ghl mcp server,server-detail,70,13,8.84,"Informational, Transactional",rising,False,4.1,do
gong mcp server,server-detail,70,14,10.54,"Navigational, Transactional",rising,False,4.1,do
retool mcp,server-detail,70,12,2.86,"Navigational, Transactional",rising,False,4.1,do
checkmarx mcp,server-detail,50,9,13.53,"Navigational, Transactional",rising,True,4.1,do
houdini mcp,server-detail,50,2,0.0,"Informational, Transactional",rising,False,4.1,do
livekit mcp,server-detail,50,12,0.0,"Navigational, Transactional",rising,False,4.1,do
pieces mcp,server-detail,50,10,0.0,"Informational, Transactional",rising,False,4.1,do
mcp pain,server-detail,590,13,3.28,Informational,rising,True,3.95,do
godot-mcp,other,480,10,11.88,Informational,rising,False,3.95,do
markdownify-mcp,other,480,12,0.0,Informational,rising,False,3.95,do
magic mcp,server-detail,390,9,12.8,Informational,rising,False,3.95,do
mcp newsletter,server-detail,390,14,0.0,Informational,rising,False,3.95,do
tavily mcp,server-detail,390,12,3.51,Informational,rising,True,3.95,do
mysql mcp,server-detail,320,14,2.59,Informational,rising,True,3.95,do
comfyui mcp,server-detail,260,3,0.0,Informational,rising,False,3.95,do
kalshi mcp,server-detail,260,7,0.0,Informational,rising,False,3.95,do
pip dip mcp,server-detail,260,11,0.0,Informational,rising,True,3.95,do
shopify mcp server,server-detail,260,14,8.31,Informational,rising,True,3.95,do
zen mcp server,server-detail,260,2,3.64,Informational,rising,False,3.95,do
agent mail mcp,server-detail,210,5,0.0,Informational,rising,False,3.95,do
ida-pro-mcp,other,210,12,0.0,Informational,rising,False,3.95,do
monday.com mcp,server-detail,210,12,8.73,Informational,rising,False,3.95,do
ssh mcp,server-detail,210,12,0.0,Informational,rising,False,3.95,do
ghl mcp,server-detail,170,12,12.67,Informational,rising,False,3.95,do
mobile mcp,server-detail,170,10,10.52,Informational,rising,False,3.95,do
openrouter mcp,server-detail,170,7,0.0,Informational,rising,False,3.95,do
powerpoint mcp,server-detail,170,10,0.0,Informational,rising,False,3.95,do
quickbooks mcp,server-detail,170,11,17.52,Informational,rising,False,3.95,do
quickbooks mcp server,server-detail,170,7,5.24,Informational,rising,False,3.95,do
railway mcp,server-detail,170,7,0.0,Informational,rising,False,3.95,do
claude code mcp 推荐,claude-mcp,140,13,0.0,Informational,rising,True,3.95,do
exa mcp server,server-detail,140,12,1.98,Informational,rising,True,3.95,do
expo mcp server,server-detail,140,8,0.0,Informational,rising,True,3.95,do
google search console mcp,server-detail,140,7,7.44,Informational,rising,True,3.95,do
model context protocol mcp registry commerce storefront for digital goods,protocol,140,11,0.0,Informational,rising,True,3.95,do
rube/mcp,other,140,8,0.0,Informational,rising,False,3.95,do
sentry mcp claude code,claude-mcp,140,8,28.26,Informational,rising,True,3.95,do
unreal engine mcp,server-detail,140,8,0.0,Informational,rising,True,3.95,do
zotero mcp,server-detail,140,10,0.0,Informational,rising,False,3.95,do
anki mcp,server-detail,110,13,0.0,Informational,rising,False,3.95,do
claude desktop mcp documentation,claude-mcp,110,12,0.0,Informational,rising,True,3.95,do
code index mcp,server-detail,110,6,0.0,Informational,rising,False,3.95,do
freecad mcp,server-detail,110,6,0.0,Informational,rising,False,3.95,do
godot mcp server,server-detail,110,13,0.0,Informational,rising,True,3.95,do
instagram mcp,server-detail,110,14,0.0,Informational,rising,False,3.95,do
lucid mcp server,server-detail,110,9,9.15,Informational,rising,False,3.95,do
maestro mcp,server-detail,110,5,0.0,Informational,rising,False,3.95,do
mcp in medical,other,110,14,0.0,Informational,rising,True,3.95,do
mcp splints,server-detail,110,4,0.3,Informational,rising,True,3.95,do
mcp twitter,server-detail,110,8,0.0,Informational,rising,True,3.95,do
mcp 推荐,other,110,12,3.14,Informational,rising,False,3.95,do
outlook mcp server,server-detail,110,14,0.0,Informational,rising,True,3.95,do
rhino mcp,server-detail,110,14,0.0,Informational,rising,False,3.95,do
sketchup mcp,server-detail,110,0,2.93,Informational,rising,False,3.95,do
ticktick mcp,server-detail,110,12,0.0,Informational,rising,False,3.95,do
word mcp,server-detail,110,13,0.0,Informational,rising,False,3.95,do
yahoo finance mcp,server-detail,110,12,0.0,Informational,rising,False,3.95,do
mcp vs rag,comparison,590,28,4.13,"Informational, Commercial",flat,True,3.9,do
battery connector for blade mcp-s,other,880,0,0.0,Commercial,falling,False,3.85,do
dify mcp,server-detail,720,27,0.0,"Informational, Transactional",falling,False,3.85,do
shadcn-ui-mcp-server,server-detail,590,21,0.0,"Informational, Transactional",falling,False,3.85,do
webflow mcp claude,claude-mcp,320,29,11.56,"Informational, Transactional",falling,False,3.85,do
aurafriday fusion 360 mcp server github,server-detail,260,27,0.0,"Navigational, Transactional",falling,True,3.85,do
convex mcp,server-detail,260,23,0.0,"Informational, Transactional",falling,False,3.85,do
glama mcp,server-detail,210,16,0.0,"Informational, Transactional",falling,False,3.85,do
llamaindex mcp server,server-detail,210,26,0.0,"Informational, Transactional",falling,False,3.85,do
mcp register,server-detail,210,15,9.06,"Navigational, Transactional",falling,False,3.85,do
mcp registration,server-detail,210,27,0.0,Transactional,falling,False,3.85,do
shadcn mcp server,server-detail,210,21,4.33,"Informational, Transactional",falling,False,3.85,do
browser use mcp server,server-detail,170,12,0.0,"Informational, Commercial",falling,False,3.85,do
cherry studio mcp,server-detail,170,17,0.0,"Informational, Transactional",falling,False,3.85,do
llamaindex mcp,server-detail,170,27,0.0,"Informational, Transactional",falling,False,3.85,do
mcp login,server-detail,170,16,0.0,"Navigational, Transactional",falling,False,3.85,do
mem0 mcp,server-detail,170,17,4.91,"Informational, Transactional",falling,False,3.85,do
serpapi mcp server,server-detail,170,22,5.13,"Informational, Transactional",falling,True,3.85,do
vercel mcp cursor,cursor-mcp,170,19,0.0,"Navigational, Transactional",falling,False,3.85,do
glean mcp server,server-detail,140,18,8.77,"Navigational, Transactional",falling,False,3.85,do
linear mcp cursor,cursor-mcp,140,23,0.0,"Informational, Transactional",falling,False,3.85,do
litellm mcp,server-detail,140,16,18.0,"Informational, Transactional",falling,False,3.85,do
mcp plate,server-detail,140,13,0.0,Commercial,falling,False,3.85,do
mcp server n8n,server-detail,140,27,15.27,"Informational, Transactional",falling,False,3.85,do
openai codex mcp,server-detail,140,25,11.92,"Informational, Transactional",falling,False,3.85,do
shopify-mcp-server,server-detail,140,16,8.31,"Informational, Transactional",falling,False,3.85,do
crewai mcp,server-detail,110,17,0.74,"Informational, Transactional",falling,False,3.85,do
mcp architects,server-detail,110,24,1.57,"Informational, Transactional",falling,False,3.85,do
mcp gitlab,server-detail,110,26,0.0,"Navigational, Transactional",falling,False,3.85,do
mcp log in,other,110,19,0.0,"Navigational, Transactional",falling,False,3.85,do
neon mcp server,server-detail,110,22,0.0,"Informational, Transactional",falling,False,3.85,do
nx mcp,server-detail,110,19,0.0,"Informational, Transactional",falling,False,3.85,do
shadcn ui mcp,server-detail,110,23,0.0,"Informational, Transactional",falling,False,3.85,do
claude agent sdk mcp,server-detail,90,28,9.89,"Informational, Transactional",rising,False,3.85,do
feishu mcp,server-detail,90,19,0.0,"Navigational, Transactional",rising,False,3.85,do
intercom mcp,server-detail,90,19,15.24,"Informational, Transactional",rising,False,3.85,do
langfuse mcp,server-detail,90,26,0.0,"Navigational, Transactional",rising,False,3.85,do
mcp multi chip package,other,90,13,0.0,"Informational, Commercial",rising,True,3.85,do
miro mcp server,server-detail,90,19,0.0,"Navigational, Transactional",rising,False,3.85,do
mixpanel mcp,server-detail,90,6,21.2,"Navigational, Commercial",rising,False,3.85,do
square mcp,server-detail,90,24,0.0,"Informational, Transactional",rising,False,3.85,do
agent vs mcp,comparison,70,14,0.0,"Informational, Commercial",rising,True,3.85,do
fireflies mcp,server-detail,70,16,0.0,"Informational, Transactional",rising,False,3.85,do
gitlab mcp server official,server-detail,70,26,0.0,"Informational, Transactional",rising,False,3.85,do
langchain doc mcp,server-detail,70,29,0.0,"Informational, Transactional",rising,False,3.85,do
mcp brake caliper,other,70,0,0.34,Commercial,rising,False,3.85,do
mcp pharmacy,server-detail,70,23,0.0,"Informational, Transactional",rising,False,3.85,do
mcp vs agent,comparison,70,10,3.69,"Informational, Commercial",rising,True,3.85,do
resend mcp,server-detail,70,23,0.0,"Informational, Transactional",rising,False,3.85,do
basic memory mcp,server-detail,50,10,0.0,Commercial,rising,False,3.85,do
databricks mcp marketplace,other,50,22,0.0,"Navigational, Transactional",rising,False,3.85,do
klaviyo mcp server,server-detail,50,24,10.62,"Navigational, Transactional",rising,False,3.85,do
lucid mcp,server-detail,50,16,37.19,"Informational, Transactional",rising,False,3.85,do
mcp inspect,protocol,50,18,4.81,"Informational, Transactional",rising,False,3.85,do
monday mcp server,server-detail,50,28,8.19,"Informational, Transactional",rising,False,3.85,do
tech pac mcp,server-detail,90,8,0.49,"Informational, Transactional",flat,False,3.8,do
tech pac mcp infrared,other,90,7,0.72,"Informational, Transactional",flat,False,3.8,do
massdep mcp,server-detail,70,8,0.0,"Informational, Transactional",flat,False,3.8,do
mcp 290 00053 0n,other,70,9,1.84,"Informational, Transactional",flat,False,3.8,do
activepieces mcp,server-detail,50,9,0.0,"Navigational, Transactional",flat,False,3.8,do
mcp core set,other,50,12,0.22,"Informational, Transactional",flat,False,3.8,do
exa mcp,server-detail,1000,20,3.78,Informational,rising,False,3.7,do
antigravity mcp,server-detail,880,22,3.87,Informational,rising,False,3.7,do
mcp server swift messaging banking operations,server-detail,880,16,0.0,Informational,rising,True,3.7,do
unity mcp,server-detail,880,22,4.72,Informational,rising,False,3.7,do
zen mcp,server-detail,880,22,0.0,Informational,rising,False,3.7,do
deepwiki mcp,server-detail,590,20,0.0,Informational,rising,False,3.7,do
godot mcp,server-detail,590,23,11.88,Informational,rising,False,3.7,do
linkedin mcp,server-detail,590,28,1.5,Informational,rising,False,3.7,do
postgres mcp,server-detail,590,28,3.01,Informational,rising,False,3.7,do
claude mcp server,server-detail,480,28,8.76,Informational,rising,True,3.7,do
dip pip mcp,server-detail,480,28,0.0,Informational,rising,True,3.7,do
filesystem mcp server,server-detail,480,26,3.93,Informational,rising,False,3.7,do
mcp desktop,server-detail,480,24,0.0,Informational,rising,False,3.7,do
selenium mcp,server-detail,480,22,0.0,Informational,rising,True,3.7,do
servicenow mcp,server-detail,480,22,10.38,Informational,rising,True,3.7,do
servicenow mcp server,server-detail,480,17,9.45,Informational,rising,True,3.7,do
claude code add mcp,server-detail,390,29,20.62,Informational,rising,True,3.7,do
claude code mcp server setup,setup-tutorial,390,21,0.0,Informational,rising,False,3.7,do
claude mcp add,claude-mcp,390,22,16.41,Informational,rising,True,3.7,do
grafana mcp,server-detail,390,17,0.0,Informational,rising,False,3.7,do
ida mcp,server-detail,390,22,0.0,Informational,rising,False,3.7,do
mcp server design for digital goods storefront,server-detail,390,16,0.0,Informational,rising,True,3.7,do
openclaw mcp,server-detail,390,21,3.42,Informational,rising,False,3.7,do
outlook mcp,server-detail,390,21,0.0,Informational,rising,True,3.7,do
postgresql mcp,server-detail,390,26,3.01,Informational,rising,True,3.7,do
claude code notion mcp,server-detail,320,29,12.32,Informational,rising,False,3.7,do
dip mcp pip,other,320,18,0.0,Informational,rising,False,3.7,do
grafana mcp server,server-detail,320,20,11.26,Informational,rising,True,3.7,do
how to build mcp server,setup-tutorial,320,21,1.97,Informational,rising,True,3.7,do
ida pro mcp,server-detail,320,25,0.0,Informational,rising,False,3.7,do
mcp claude code,claude-mcp,320,29,9.76,Informational,rising,True,3.7,do
obsidian mcp server,server-detail,320,29,4.48,Informational,rising,False,3.7,do
ref mcp,server-detail,320,24,0.0,Informational,rising,False,3.7,do
tableau mcp,server-detail,320,28,7.19,Informational,rising,True,3.7,do
top mcp servers,server-detail,320,26,2.88,Informational,rising,True,3.7,do
trello mcp,server-detail,320,15,4.79,Informational,rising,False,3.7,do
bitbucket mcp,server-detail,260,29,11.9,Informational,rising,False,3.7,do
box mcp server,server-detail,260,29,0.67,"Informational, Navigational",rising,False,3.7,do
claude add mcp server,server-detail,260,27,15.06,Informational,rising,True,3.7,do
claude desktop mcp server,server-detail,260,22,0.0,Informational,rising,True,3.7,do
context7 mcp claude code,claude-mcp,260,23,16.74,Informational,rising,True,3.7,do
file system mcp server,server-detail,260,18,5.03,Informational,rising,True,3.7,do
firecrawl mcp server,server-detail,260,20,5.53,Informational,rising,False,3.7,do
home assistant mcp,server-detail,260,28,0.0,Informational,rising,False,3.7,do
home assistant mcp server,server-detail,260,17,0.0,Informational,rising,False,3.7,do
how to create an mcp server,setup-tutorial,260,28,1.97,Informational,rising,True,3.7,do
mcp dip pip,other,260,26,0.0,Informational,rising,False,3.7,do
mcp hub,server-detail,260,15,0.0,Informational,rising,False,3.7,do
mcp json,server-detail,260,21,11.15,Informational,rising,True,3.7,do
mcp router,server-detail,260,16,5.92,Informational,rising,True,3.7,do
mermaid mcp,server-detail,260,26,0.0,Informational,rising,False,3.7,do
mysql mcp server,server-detail,260,18,2.52,Informational,rising,True,3.7,do
neon mcp,server-detail,260,28,17.09,Informational,rising,True,3.7,do
popular mcp servers,server-detail,260,24,2.84,Informational,rising,True,3.7,do
sharepoint mcp,server-detail,260,26,7.62,Informational,rising,True,3.7,do
spotify mcp,server-detail,260,28,0.0,Informational,rising,False,3.7,do
zendesk mcp server,server-detail,260,17,33.87,Informational,rising,False,3.7,do
zoom mcp,server-detail,260,27,0.0,"Informational, Navigational",rising,False,3.7,do
arxiv mcp,server-detail,210,23,24.23,Informational,rising,False,3.7,do
blender claude mcp,server-detail,210,27,0.0,Informational,rising,False,3.7,do
codex mcp server,server-detail,210,24,10.54,Informational,rising,True,3.7,do
discord mcp,server-detail,210,28,0.0,Informational,rising,False,3.7,do
draw.io mcp,server-detail,210,22,0.0,Informational,rising,False,3.7,do
duckduckgo mcp,server-detail,210,16,0.0,Informational,rising,False,3.7,do
excalidraw mcp,server-detail,210,24,0.0,Informational,rising,False,3.7,do
flexion of mcp,server-detail,210,23,0.0,Informational,rising,True,3.7,do
google ads mcp,server-detail,210,23,6.54,Informational,rising,False,3.7,do
langchain mcp adapters,other,210,29,0.0,Informational,rising,False,3.7,do
linkedin mcp server,server-detail,210,20,1.9,Informational,rising,True,3.7,do
mcp-zero,other,210,25,0.0,Informational,rising,False,3.7,do
paper mcp,server-detail,210,16,38.96,Informational,rising,False,3.7,do
perplexity mcp server,server-detail,210,22,6.06,Informational,rising,False,3.7,do
playwright mcp codex,other,210,28,0.0,Informational,rising,True,3.7,do
render mcp,server-detail,210,29,0.0,Informational,rising,False,3.7,do
searxng mcp,server-detail,210,16,0.0,Informational,rising,False,3.7,do
serena mcp server,server-detail,210,25,0.0,"Informational, Navigational",rising,True,3.7,do
sharepoint mcp server,server-detail,210,21,5.06,Informational,rising,False,3.7,do
stich mcp,server-detail,210,17,13.45,Informational,rising,False,3.7,do
sure jell mcp pectin,other,210,20,0.75,Informational,rising,True,3.7,do
unity mcp server,server-detail,210,17,14.52,Informational,rising,True,3.7,do
v0 mcp,server-detail,210,21,10.14,Informational,rising,False,3.7,do
wiz mcp,server-detail,210,22,0.0,Informational,rising,False,3.7,do
clickhouse mcp,server-detail,170,24,4.55,Informational,rising,False,3.7,do
codex-mcp-server,server-detail,170,22,17.06,Informational,rising,False,3.7,do
context 7 mcp claude code,claude-mcp,170,26,15.53,Informational,rising,True,3.7,do
draw.io mcp server,server-detail,170,22,0.0,Informational,rising,True,3.7,do
gitlab-mcp,other,170,24,16.86,Informational,rising,False,3.7,do
grafana-mcp,other,170,24,9.11,Informational,rising,False,3.7,do
how to add supabase mcp to claude code,setup-tutorial,170,21,0.0,Informational,rising,True,3.7,do
local mcp server,server-detail,170,16,2.96,Informational,rising,True,3.7,do
looker mcp,server-detail,170,25,27.54,Informational,rising,False,3.7,do
mcp awsome,server-detail,170,29,0.0,Informational,rising,False,3.7,do
mcp connectors,server-detail,170,23,1.61,Informational,rising,True,3.7,do
mcp dislocation,server-detail,170,18,0.0,Informational,rising,True,3.7,do
mcp inspector tool,protocol,170,24,8.29,Informational,rising,False,3.7,do
mcp medical,server-detail,170,16,0.0,Informational,rising,True,3.7,do
mcp sprain,server-detail,170,24,0.0,Informational,rising,True,3.7,do
mcp toolbox,server-detail,170,24,0.0,Informational,rising,True,3.7,do
monday.com mcp server,server-detail,170,17,3.77,Informational,rising,False,3.7,do
netsuite mcp connector,other,170,20,17.35,Informational,rising,False,3.7,do
opencode mcp,server-detail,170,21,15.29,Informational,rising,True,3.7,do
oracle mcp,server-detail,170,16,7.51,Informational,rising,True,3.7,do
pagerduty mcp server,server-detail,170,25,9.94,Informational,rising,True,3.7,do
prometheus mcp,server-detail,170,16,3.56,Informational,rising,False,3.7,do
rust mcp,server-detail,170,17,0.0,Informational,rising,False,3.7,do
unity-mcp,other,170,19,4.72,Informational,rising,False,3.7,do
unreal mcp,server-detail,170,16,0.0,Informational,rising,False,3.7,do
wireshark mcp,server-detail,170,19,4.41,Informational,rising,False,3.7,do
workday mcp,server-detail,170,27,4.71,Informational,rising,True,3.7,do
zendesk mcp,server-detail,170,16,33.02,Informational,rising,False,3.7,do
alpaca mcp server,server-detail,140,18,2.81,Informational,rising,False,3.7,do
antigravity add mcp server,server-detail,140,18,0.0,Informational,rising,False,3.7,do
claude code browser mcp,server-detail,140,21,13.91,Informational,rising,True,3.7,do
claude code install mcp,setup-tutorial,140,20,0.0,Informational,rising,True,3.7,do
claude code mcp context7,claude-mcp,140,17,0.0,Informational,rising,True,3.7,do
claude mcp config,setup-tutorial,140,21,29.93,Informational,rising,True,3.7,do
claude remove mcp,server-detail,140,21,37.65,Informational,rising,True,3.7,do
digital ocean mcp,server-detail,140,29,9.61,"Informational, Navigational",rising,False,3.7,do
elevenlabs mcp,server-detail,140,23,0.0,Informational,rising,False,3.7,do
google analytics mcp server,server-detail,140,26,4.12,Informational,rising,True,3.7,do
google slides mcp,server-detail,140,27,0.0,Informational,rising,False,3.7,do
mcp bridge,server-detail,140,27,8.02,Informational,rising,True,3.7,do
mcp grafana,server-detail,140,19,0.0,Informational,rising,False,3.7,do
mcp math,server-detail,140,20,0.51,Informational,rising,True,3.7,do
mcp unity,server-detail,140,17,5.93,Informational,rising,True,3.7,do
meta mcp,server-detail,140,15,0.0,Informational,rising,True,3.7,do
monday mcp,server-detail,140,18,7.02,Informational,rising,False,3.7,do
okta mcp,server-detail,140,28,0.0,Informational,rising,False,3.7,do
service now mcp,server-detail,140,22,7.05,Informational,rising,False,3.7,do
sonarqube mcp server,server-detail,140,26,7.73,Informational,rising,False,3.7,do
statsig mcp,server-detail,140,10,0.0,Navigational,rising,False,3.7,do
tailwind mcp,server-detail,140,20,0.0,Informational,rising,True,3.7,do
telegram mcp,server-detail,140,16,0.0,Informational,rising,False,3.7,do
vercel mcp claude code,claude-mcp,140,28,0.0,Informational,rising,True,3.7,do
whatsapp mcp server,server-detail,140,24,7.11,Informational,rising,True,3.7,do
workday mcp server,server-detail,140,19,5.1,Informational,rising,True,3.7,do
xcode mcp server,server-detail,140,23,15.04,Informational,rising,False,3.7,do
ynab mcp,server-detail,140,21,245.4,Informational,rising,False,3.7,do
add mcp server to claude desktop,server-detail,110,26,0.0,Informational,rising,True,3.7,do
algolia mcp,server-detail,110,19,0.0,"Informational, Navigational",rising,False,3.7,do
cerebro mcp,server-detail,110,19,0.0,Informational,rising,False,3.7,do
claude code remove mcp,server-detail,110,18,0.0,Informational,rising,False,3.7,do
code-index-mcp,other,110,22,0.0,Informational,rising,False,3.7,do
cypress mcp,server-detail,110,23,8.47,Informational,rising,False,3.7,do
enterprise mcp,server-detail,110,26,6.05,Informational,rising,True,3.7,do
how to add mcp server to claude code,setup-tutorial,110,28,0.0,Informational,rising,True,3.7,do
mcp 3008,server-detail,110,16,0.92,Informational,rising,False,3.7,do
mcp hosting,server-detail,110,24,2.91,Informational,rising,True,3.7,do
mcp medical term,other,110,28,0.0,Informational,rising,True,3.7,do
mcp portal,server-detail,110,28,0.78,Informational,rising,True,3.7,do
mcp postgres,server-detail,110,25,4.34,Informational,rising,False,3.7,do
mcp-inspector,protocol,110,22,7.01,Informational,rising,False,3.7,do
mobbin mcp,server-detail,110,26,10.14,Informational,rising,False,3.7,do
netlify mcp,server-detail,110,27,0.0,Informational,rising,True,3.7,do
new relic mcp,server-detail,110,14,11.82,Navigational,rising,False,3.7,do
openai codex mcp server,server-detail,110,25,0.0,Informational,rising,True,3.7,do
power bi mcp server,server-detail,110,27,5.3,Informational,rising,True,3.7,do
pubmed mcp,server-detail,110,29,0.0,Informational,rising,False,3.7,do
trello mcp server,server-detail,110,17,3.75,Informational,rising,False,3.7,do
高德地图 mcp,other,590,13,0.0,Informational,flat,False,3.65,do
swift mcp,server-detail,480,13,0.0,Informational,flat,True,3.65,do
zen-mcp-server,server-detail,480,11,3.64,Informational,flat,False,3.65,do
arxiv-mcp-server,server-detail,320,7,0.0,Informational,flat,False,3.65,do
mcp piediluco,server-detail,260,6,0.0,Informational,flat,False,3.65,do
apitable mcp,server-detail,210,2,0.0,Informational,flat,True,3.65,do
could not connect to mcp server mcp-registry,server-detail,210,10,0.0,Informational,flat,True,3.65,do
mcp arthroplasty,server-detail,210,8,0.0,Informational,flat,True,3.65,do
mcp terminal,server-detail,210,11,0.0,Informational,flat,True,3.65,do
mcp server教程,server-detail,170,4,0.0,Informational,flat,False,3.65,do
mcp pectin directions,other,110,5,0.0,Informational,flat,True,3.65,do
mcp server chart,server-detail,110,6,0.0,Informational,flat,False,3.65,do
mcp resources vs tools,comparison,590,24,7.06,Commercial,falling,True,3.6,do
mcp vs a2a,comparison,590,28,0.13,"Informational, Commercial",falling,True,3.6,do
claude mcp desktop,claude-mcp,480,28,0.0,Commercial,falling,False,3.6,do
mcp browser,server-detail,480,21,0.0,Commercial,falling,False,3.6,do
browser use mcp,server-detail,390,25,0.0,"Informational, Commercial",falling,False,3.6,do
best mcp servers for cursor,server-detail,260,19,0.0,Commercial,falling,True,3.6,do
langchain vs mcp,comparison,260,16,0.0,"Informational, Commercial",falling,True,3.6,do
opensource mcp servers,server-detail,210,15,3.0,Commercial,falling,True,3.6,do
best cursor mcp,server-detail,170,19,0.0,Commercial,falling,False,3.6,do
best mcp for cursor,cursor-mcp,110,19,0.0,Commercial,falling,True,3.6,do
mcp shop,server-detail,110,15,0.0,Commercial,falling,False,3.6,do
mcp vs langchain,comparison,110,18,0.0,"Informational, Commercial",falling,True,3.6,do
mcp vs tool calling,comparison,110,26,0.0,"Informational, Commercial",falling,True,3.6,do
mcp vs agentic ai,comparison,90,24,3.77,"Informational, Commercial",rising,True,3.6,do
agent to agent vs mcp,comparison,70,20,0.0,Commercial,rising,True,3.6,do
best claude code mcp servers,server-detail,70,17,3.68,Commercial,rising,True,3.6,do
best mcp for claude code,claude-mcp,70,18,6.01,Commercial,rising,True,3.6,do
mcp gateway open source,other,50,22,2.73,Commercial,rising,False,3.6,do
mcp-290-00053-0n,other,90,16,1.84,"Informational, Transactional",flat,False,3.55,do
mit mcp,server-detail,90,25,6.62,"Informational, Transactional",flat,False,3.55,do
cdata mcp server,server-detail,70,16,4.59,"Navigational, Transactional",flat,False,3.55,do
mcp control panel,other,70,5,0.0,"Informational, Commercial",flat,False,3.55,do
mastra mcp server,server-detail,50,17,0.0,"Informational, Transactional",flat,False,3.55,do
mcp 23017,server-detail,50,25,0.48,"Informational, Transactional",flat,False,3.55,do
mcp gitlab server,server-detail,50,25,0.0,"Informational, Transactional",flat,False,3.55,do
mcp yachts,server-detail,50,17,0.0,"Informational, Transactional",flat,False,3.55,do
mcp news,server-detail,1900,24,0.0,Informational,rising,False,3.5,do
blender mcp,server-detail,1600,27,4.12,Informational,rising,False,3.5,do
obsidian mcp,server-detail,1300,28,4.56,Informational,rising,False,3.5,do
commercetools mcp,server-detail,70,12,0.0,"Navigational, Transactional",falling,False,3.5,do
mcp terrain,server-detail,70,6,0.32,"Informational, Transactional",falling,False,3.5,do
clerk mcp server,server-detail,50,8,8.96,"Informational, Transactional",falling,False,3.5,do
drizzle mcp,server-detail,50,10,0.0,"Informational, Transactional",falling,False,3.5,do
interactive feedback mcp,server-detail,50,2,0.0,"Informational, Transactional",falling,False,3.5,do
shopify mcp ui,other,50,10,4.35,"Informational, Transactional",falling,False,3.5,do
mcp's irish pub,other,880,29,0.0,Navigational,rising,False,3.45,watch
datadog mcp,server-detail,590,28,9.19,Navigational,rising,False,3.45,watch
xiaohongshu-mcp,other,590,21,0.0,Navigational,rising,False,3.45,watch
alpaca mcp,server-detail,210,23,2.49,Navigational,rising,False,3.45,watch
apify mcp,server-detail,210,23,6.02,Navigational,rising,False,3.45,watch
mcp rescue,server-detail,210,26,0.0,Navigational,rising,False,3.45,watch
new relic mcp server,server-detail,210,28,18.25,Navigational,rising,False,3.45,watch
plaid mcp,server-detail,210,18,14.38,Navigational,rising,True,3.45,watch
revenue cat mcp,server-detail,210,21,0.0,Navigational,rising,False,3.45,watch
飞书 mcp,other,210,23,0.0,Navigational,rising,False,3.45,watch
gitea mcp,server-detail,170,16,0.0,Navigational,rising,False,3.45,watch
mulesoft mcp,server-detail,170,20,14.04,Navigational,rising,False,3.45,watch
airbnb mcp,server-detail,140,21,3.15,Navigational,rising,False,3.45,watch
mintlify mcp,server-detail,140,16,5.7,Navigational,rising,False,3.45,watch
kiro mcp,server-detail,110,26,0.0,Navigational,rising,False,3.45,watch
storm mcp,server-detail,110,20,8.67,Navigational,rising,False,3.45,watch
awesome mcp servers,server-detail,1600,25,3.79,Commercial,falling,False,3.4,watch
claude code mcp server configuration,setup-tutorial,880,21,0.0,Informational,flat,True,3.4,watch
dbt mcp,server-detail,590,20,0.0,Informational,flat,False,3.4,watch
mcp servers news,server-detail,590,26,0.0,Informational,flat,False,3.4,watch
pupeteer mcp,server-detail,590,25,0.0,Informational,flat,True,3.4,watch
mcp resources,server-detail,480,27,2.17,Informational,flat,False,3.4,watch
mcp security architecture,security,480,28,0.0,Informational,flat,True,3.4,watch
mcp-server-chart,server-detail,480,16,0.0,Informational,flat,False,3.4,watch
how to build an mcp server,setup-tutorial,390,24,1.91,Informational,flat,True,3.4,watch
mcp pip dip,other,390,19,0.0,Informational,flat,True,3.4,watch
firebase mcp server,server-detail,320,25,27.55,Informational,flat,True,3.4,watch
mobbin mcp server,server-detail,320,22,0.0,Informational,flat,False,3.4,watch
claude desktop mcp servers,server-detail,260,26,0.0,Informational,flat,True,3.4,watch
solana mcp,server-detail,260,22,0.0,Informational,flat,False,3.4,watch
stdio mcp,server-detail,260,21,0.0,Informational,flat,True,3.4,watch
大模型 mcp,other,260,24,0.0,Informational,flat,False,3.4,watch
make.com mcp server,server-detail,210,26,0.0,"Informational, Navigational",flat,False,3.4,watch
whatsapp mcp,server-detail,210,28,0.0,Informational,flat,False,3.4,watch
claude memory mcp,server-detail,170,29,0.0,Informational,flat,True,3.4,watch
cursor mcp no tools or prompts,mcp-tools,170,26,0.0,Informational,flat,True,3.4,watch
how mcp works,other,170,24,0.47,Informational,flat,True,3.4,watch
mcp server pythonastrepltool,server-detail,170,23,0.0,Informational,flat,True,3.4,watch
mcp stdio,server-detail,170,26,0.0,Informational,flat,True,3.4,watch
mcp streaming messages,other,170,24,0.0,Informational,flat,True,3.4,watch
semgrep mcp server,server-detail,170,22,3.72,"Informational, Navigational",flat,False,3.4,watch
spotify mcp server,server-detail,170,22,0.0,Informational,flat,False,3.4,watch
mcp meaning medical,what-is-mcp,140,28,0.0,Informational,flat,True,3.4,watch
qdrant mcp server,server-detail,140,20,0.0,Informational,flat,False,3.4,watch
voicemode mcp,server-detail,140,17,0.0,Informational,flat,False,3.4,watch
5ire mcp,server-detail,110,26,0.0,Informational,flat,False,3.4,watch
arxiv mcp server,server-detail,110,23,0.0,Informational,flat,True,3.4,watch
claude code mcp integration,claude-mcp,110,27,0.0,Informational,flat,True,3.4,watch
cursor mcp supabase,cursor-mcp,110,26,0.0,Informational,flat,True,3.4,watch
garmin mcp,server-detail,110,19,0.0,Informational,flat,False,3.4,watch
homeassistant mcp,server-detail,110,18,0.0,Informational,flat,False,3.4,watch
mcp hyperextension,server-detail,110,19,0.0,Informational,flat,True,3.4,watch
mcp injury,server-detail,110,27,0.0,Informational,flat,True,3.4,watch
mcp stock,server-detail,110,23,1.91,Informational,flat,True,3.4,watch
mcp とは,other,110,27,0.0,Informational,flat,True,3.4,watch
mcp 工具,other,110,24,0.69,Informational,flat,True,3.4,watch
weather mcp,server-detail,110,26,4.57,Informational,flat,True,3.4,watch
context7 mcp server,server-detail,1000,13,8.15,Informational,falling,True,3.35,watch
mcp skyward,server-detail,720,14,0.0,Informational,falling,False,3.35,watch
mcp 客户端,other,720,12,0.0,Informational,falling,False,3.35,watch
linear mcp server,server-detail,590,14,8.87,Informational,falling,False,3.35,watch
jupyter mcp,server-detail,480,11,0.0,Informational,falling,False,3.35,watch
rube mcp,server-detail,480,8,0.0,Informational,falling,True,3.35,watch
are mcp servers free,server-detail,390,5,0.0,Informational,falling,True,3.35,watch
interactive-feedback-mcp,other,390,6,0.0,Informational,falling,False,3.35,watch
mcp-router,other,390,12,5.92,Informational,falling,True,3.35,watch
mcp-sequentialthinking-tools,mcp-tools,390,8,0.0,Informational,falling,False,3.35,watch
mcp-shrimp-task-manager,other,390,11,0.0,Informational,falling,False,3.35,watch
touch designer mcp,server-detail,390,7,0.0,Informational,falling,False,3.35,watch
excel mcp,server-detail,320,10,3.27,Informational,falling,True,3.35,watch
how to use mcp expander,setup-tutorial,320,11,0.0,Informational,falling,True,3.35,watch
mcp ida pro,other,320,12,0.0,Informational,falling,True,3.35,watch
mcp pectin recipes,other,320,5,0.0,Informational,falling,True,3.35,watch
mcp 异常检测根因定位,other,320,8,0.0,Informational,falling,True,3.35,watch
sequential thinking mcp server如何使用,server-detail,320,11,0.0,Informational,falling,False,3.35,watch
阿里云百炼 mcp,other,320,8,0.0,"Informational, Navigational",falling,False,3.35,watch
anki mcp server,server-detail,260,11,0.0,Informational,falling,False,3.35,watch
google-patents-mcp,other,260,12,0.0,Informational,falling,True,3.35,watch
lsp mcp,server-detail,260,13,0.0,Informational,falling,False,3.35,watch
mcp error -32001: request timed out,other,260,0,0.0,Informational,falling,False,3.35,watch
mcp-image-downloader,other,260,6,0.0,Informational,falling,False,3.35,watch
mcp-pandoc,other,260,14,0.0,Informational,falling,True,3.35,watch
supabase cursor mcp,server-detail,260,12,0.0,Informational,falling,False,3.35,watch
百炼 mcp,other,260,7,0.0,"Informational, Navigational",falling,False,3.35,watch
aider mcp,server-detail,210,6,0.0,Informational,falling,False,3.35,watch
bocha mcp,server-detail,210,2,0.0,Informational,falling,False,3.35,watch
crawl4ai mcp,server-detail,210,9,0.0,Informational,falling,False,3.35,watch
tavily mcp server,server-detail,210,7,3.6,Informational,falling,True,3.35,watch
verilog mcp,server-detail,210,9,0.0,Informational,falling,True,3.35,watch
mcp developers summit,other,170,5,0.0,Informational,falling,False,3.35,watch
mcp mysql,server-detail,170,9,4.23,Informational,falling,True,3.35,watch
mcp rust,server-detail,170,7,0.0,Informational,falling,False,3.35,watch
mcp store,server-detail,170,11,0.0,Informational,falling,False,3.35,watch
mcp subluxation,server-detail,170,14,0.0,Informational,falling,True,3.35,watch
mcp unreal engine 5,other,170,14,0.0,Informational,falling,True,3.35,watch
vhdl mcp server,server-detail,170,13,0.0,Informational,falling,True,3.35,watch
weather mcp server,server-detail,170,12,2.82,Informational,falling,True,3.35,watch
ableton-mcp,other,140,12,0.0,Informational,falling,False,3.35,watch
chrome mcp cursor,cursor-mcp,140,14,0.0,Informational,falling,False,3.35,watch
cve-2025-53967 figma-developer-mcp,other,140,6,0.0,Informational,falling,True,3.35,watch
mcp detector,server-detail,140,14,0.0,Informational,falling,True,3.35,watch
mcp freezer jam recipe,other,140,4,0.0,Informational,falling,True,3.35,watch
mcp pectin freezer jam recipe,other,140,5,0.0,Informational,falling,False,3.35,watch
mcp swelling,server-detail,140,13,2.34,Informational,falling,True,3.35,watch
pip and mcp,server-detail,140,5,0.0,Informational,falling,False,3.35,watch
prometheus mcp server,server-detail,140,8,6.36,Informational,falling,False,3.35,watch
robinhood mcp server,server-detail,140,12,0.0,Informational,falling,True,3.35,watch
吴恩达 mcp,other,140,7,0.0,Informational,falling,False,3.35,watch
argocd mcp,server-detail,110,9,0.0,Informational,falling,False,3.35,watch
claude desktop mcp docs,claude-mcp,110,14,0.0,Informational,falling,False,3.35,watch
duckduckgo mcp server,server-detail,110,10,0.0,Informational,falling,True,3.35,watch
grok mcp,server-detail,110,14,0.0,Informational,falling,True,3.35,watch
grok mcp server,server-detail,110,12,0.0,Informational,falling,False,3.35,watch
mcp boilerplate,server-detail,110,12,0.0,Informational,falling,False,3.35,watch
pydantic ai mcp,server-detail,110,13,0.0,Informational,falling,False,3.35,watch
stock mcp,server-detail,110,13,0.0,Informational,falling,False,3.35,watch
737 mcp,server-detail,90,9,0.0,Informational,rising,True,3.35,watch
adding mcp servers to claude code,server-detail,90,14,6.19,Informational,rising,True,3.35,watch
akshare mcp,server-detail,90,13,0.0,Informational,rising,True,3.35,watch
ansible mcp,server-detail,90,14,0.0,Informational,rising,False,3.35,watch
argocd mcp server,server-detail,90,2,10.79,Informational,rising,True,3.35,watch
army mcp,server-detail,90,13,0.0,Informational,rising,True,3.35,watch
mcp base sizes,other,90,12,0.0,Informational,rising,False,3.35,watch
mcp calendar 25-26,other,90,8,0.0,Informational,rising,False,3.35,watch
mcp med,server-detail,90,13,0.0,"Informational, Navigational",rising,True,3.35,watch
mcp panel,server-detail,90,0,0.0,Informational,rising,True,3.35,watch
npx mcp inspector,protocol,90,10,0.0,Informational,rising,True,3.35,watch
proxmox mcp,server-detail,90,4,0.0,Informational,rising,False,3.35,watch
sendgrid mcp,server-detail,90,3,6.51,Informational,rising,True,3.35,watch
seo mcp,server-detail,90,10,4.54,Informational,rising,False,3.35,watch
teradata mcp server,server-detail,90,14,0.0,Informational,rising,False,3.35,watch
appium mcp,server-detail,70,12,12.23,Informational,rising,False,3.35,watch
claude blender mcp,server-detail,70,14,16.22,Informational,rising,False,3.35,watch
grep mcp,server-detail,70,2,0.0,Informational,rising,True,3.35,watch
lending mcp,server-detail,70,11,0.0,Informational,rising,True,3.35,watch
mcp army,server-detail,70,12,0.0,Informational,rising,False,3.35,watch
mcp builder,server-detail,70,8,2.84,Informational,rising,True,3.35,watch
mcp card,server-detail,70,10,0.0,Informational,rising,True,3.35,watch
reflex mcp,server-detail,70,0,0.0,Informational,rising,False,3.35,watch
robinhood mcp,server-detail,70,3,0.0,Informational,rising,False,3.35,watch
sequential thinking mcp claude code,claude-mcp,70,0,0.0,Informational,rising,True,3.35,watch
task manager mcp,server-detail,70,7,0.0,Informational,rising,False,3.35,watch
unsplash mcp,server-detail,70,5,0.0,Informational,rising,False,3.35,watch
ynab mcp server,server-detail,70,14,7.71,Informational,rising,False,3.35,watch
zillow mcp server,server-detail,70,12,0.0,Informational,rising,True,3.35,watch
add context7 mcp to claude code,claude-mcp,50,13,0.0,Informational,rising,True,3.35,watch
builder mcp,server-detail,50,4,0.0,Informational,rising,True,3.35,watch
claude code linear mcp,server-detail,50,11,0.0,Informational,rising,True,3.35,watch
elevator mcp,server-detail,50,0,0.0,Informational,rising,True,3.35,watch
instagram mcp server,server-detail,50,2,0.0,Informational,rising,True,3.35,watch
mcp premium fruit pectin,other,50,8,0.0,Informational,rising,False,3.35,watch
mcp spelling workout,other,50,9,0.54,Informational,rising,True,3.35,watch
mcp tools resources prompts,mcp-tools,50,12,4.15,Informational,rising,False,3.35,watch
nano banana mcp,server-detail,50,13,0.0,Informational,rising,False,3.35,watch
onedrive mcp server,server-detail,50,11,0.0,Informational,rising,False,3.35,watch
polygon mcp,server-detail,50,12,0.0,Informational,rising,False,3.35,watch
rube mcp connector,other,50,2,3.35,Informational,rising,False,3.35,watch
search mcp,server-detail,70,21,0.0,Commercial,flat,False,3.3,watch
best claude mcp servers,server-detail,50,15,4.27,Commercial,flat,True,3.3,watch
best mcp servers for coding,server-detail,50,17,3.4,Commercial,flat,True,3.3,watch
mcp's irish pub reviews,other,50,25,0.0,"Informational, Commercial",flat,True,3.3,watch
accelerate development with the amazon bedrock agentcore mcp server,server-detail,90,28,0.0,"Informational, Transactional",falling,False,3.25,watch
apidog mcp server,server-detail,90,21,5.9,Transactional,falling,False,3.25,watch
continue dev mcp,server-detail,90,24,0.0,"Navigational, Transactional",falling,False,3.25,watch
mcp server gitlab,server-detail,90,23,0.0,"Informational, Transactional",falling,True,3.25,watch
mcp servers for cursor,server-detail,90,27,3.91,Transactional,falling,False,3.25,watch
monster mcp,server-detail,90,18,0.0,"Navigational, Transactional",falling,False,3.25,watch
skyward mcp login,other,90,28,0.0,"Navigational, Transactional",falling,False,3.25,watch
upstash mcp,server-detail,90,26,0.0,"Navigational, Transactional",falling,False,3.25,watch
apollo graphql mcp server,server-detail,70,29,0.0,"Informational, Transactional",falling,False,3.25,watch
best mysql mcp server,server-detail,70,12,0.0,Commercial,falling,False,3.25,watch
gradio mcp,server-detail,70,20,0.0,"Informational, Transactional",falling,False,3.25,watch
huggingface mcp course,other,70,25,0.0,"Informational, Transactional",falling,False,3.25,watch
mcp 36th street,other,70,24,0.0,"Informational, Transactional",falling,False,3.25,watch
mcp renewal form,other,70,25,3.26,"Informational, Transactional",falling,False,3.25,watch
mcp resource vs tool,comparison,70,14,0.0,Commercial,falling,True,3.25,watch
cuisinart mcp-12n multiclad pro stainless steel 12-piece cookware set,other,50,29,0.56,Transactional,falling,False,3.25,watch
exa ai mcp,server-detail,50,20,4.12,"Informational, Transactional",falling,False,3.25,watch
funasr mcp server model context protocol,protocol,50,16,0.0,"Informational, Transactional",falling,True,3.25,watch
langflow mcp support,other,50,20,0.0,"Navigational, Transactional",falling,True,3.25,watch
mcp master cylinder,other,50,0,0.68,Commercial,falling,False,3.25,watch
mcp night,server-detail,50,27,0.0,"Informational, Transactional",falling,False,3.25,watch
mcp prometheus,server-detail,50,17,0.0,"Informational, Transactional",falling,False,3.25,watch
mcp server data exploration,server-detail,50,12,0.0,Commercial,falling,False,3.25,watch
mcp server trigger n8n,server-detail,50,28,0.0,"Informational, Transactional",falling,False,3.25,watch
mcp summit,server-detail,50,23,0.0,"Informational, Transactional",falling,False,3.25,watch
ollama mcp local model configuration,setup-tutorial,50,29,0.0,"Informational, Transactional",falling,True,3.25,watch
openai agents sdk vs mcp,comparison,50,13,0.0,"Informational, Commercial",falling,True,3.25,watch
replicate mcp server,server-detail,50,25,0.0,"Informational, Transactional",falling,True,3.25,watch
posthog mcp claude code,claude-mcp,2400,25,0.0,Informational,flat,True,3.2,watch
firecrawl mcp,server-detail,1300,22,4.33,Informational,flat,False,3.2,watch
github mcp server documentation,server-detail,590,27,0.0,Navigational,flat,False,3.15,watch
cursor.directory mcp,server-detail,210,24,0.0,Navigational,flat,False,3.15,watch
腾讯云 mcp,other,210,21,0.0,Navigational,flat,False,3.15,watch
ca mcp,server-detail,170,21,5.59,Navigational,flat,False,3.15,watch
burp suite mcp,server-detail,1000,15,10.23,Informational,falling,False,3.1,watch
puppeteer mcp,server-detail,1000,16,5.03,Informational,falling,True,3.1,watch
windows 95 mcp,server-detail,1000,29,0.0,Informational,falling,True,3.1,watch
context 7 mcp,server-detail,880,18,15.01,Informational,falling,True,3.1,watch
mocrisift docs mcp lua coding language,other,880,26,0.0,Informational,falling,True,3.1,watch
claude mac mcp rstudio,claude-mcp,720,21,0.0,Informational,falling,False,3.1,watch
mcp client ui,mcp-client,720,22,0.0,Informational,falling,False,3.1,watch
mcp proxy server vs mcp gateway,comparison,720,19,0.0,Informational,falling,True,3.1,watch
sequential thinking mcp server,server-detail,720,26,4.61,Informational,falling,False,3.1,watch
zerodha mcp server,server-detail,720,28,0.0,Informational,falling,False,3.1,watch
ableton live mcp,server-detail,590,17,0.0,Informational,falling,False,3.1,watch
postgres mcp server,server-detail,590,19,2.86,Informational,falling,True,3.1,watch
vue mcp,server-detail,590,19,0.0,Informational,falling,True,3.1,watch
apple-mcp,other,480,25,0.0,Informational,falling,False,3.1,watch
claude mcp for blender,claude-mcp,480,21,0.0,Informational,falling,False,3.1,watch
dbt mcp server,server-detail,480,19,9.42,Informational,falling,False,3.1,watch
desktop commander mcp,server-detail,480,29,0.0,Informational,falling,False,3.1,watch
mcp dev summit,other,480,25,11.9,Informational,falling,False,3.1,watch
postgres-mcp,other,480,27,6.13,Informational,falling,True,3.1,watch
remote mcp servers,server-detail,480,24,4.08,Informational,falling,True,3.1,watch
benborla29/mcp-server-mysql,server-detail,390,18,0.0,"Informational, Navigational",falling,True,3.1,watch
claude desktop mcp servers configuration,setup-tutorial,390,23,0.0,Informational,falling,False,3.1,watch
claude mcp add-json,claude-mcp,390,25,0.0,Informational,falling,True,3.1,watch
duckdb mcp,server-detail,390,22,5.79,Informational,falling,False,3.1,watch
duckduckgo-search mcp,server-detail,390,19,0.0,Informational,falling,False,3.1,watch
google calendar mcp server,server-detail,390,25,0.0,Informational,falling,False,3.1,watch
how to create claude mcp server,setup-tutorial,390,27,0.0,Informational,falling,True,3.1,watch
how to use mcp claude free plan,setup-tutorial,390,27,0.0,Informational,falling,True,3.1,watch
mcp api,server-detail,390,23,3.23,Informational,falling,True,3.1,watch
mcp eval,server-detail,390,21,0.0,Informational,falling,False,3.1,watch
mcp remote,server-detail,390,24,0.0,Informational,falling,True,3.1,watch
mcp server resources,server-detail,390,24,5.59,Informational,falling,False,3.1,watch
mcp server 开发,server-detail,390,17,0.0,Informational,falling,False,3.1,watch
mcp server 是什么,server-detail,390,28,0.0,Informational,falling,True,3.1,watch
openwebui mcp,server-detail,390,23,0.0,Informational,falling,False,3.1,watch
postgresql mcp server,server-detail,390,27,2.86,Informational,falling,True,3.1,watch
quip mcp,server-detail,390,17,0.0,Informational,falling,False,3.1,watch
react native mcp,server-detail,390,28,14.88,Informational,falling,False,3.1,watch
reactor mcp bootcamp,other,390,22,0.0,Informational,falling,False,3.1,watch
taskmaster mcp,server-detail,390,28,0.0,Informational,falling,False,3.1,watch
appwrite-docs-mcp github,dev-sdk,320,29,0.0,Informational,falling,True,3.1,watch
claude code add mcp server,server-detail,320,22,12.27,Informational,falling,True,3.1,watch
claude mcp chrome,claude-mcp,320,29,0.0,Informational,falling,False,3.1,watch
lm studio mcp,server-detail,320,27,0.0,Informational,falling,False,3.1,watch
mcp cert,server-detail,320,29,2.84,Informational,falling,True,3.1,watch
mcp memory,server-detail,320,23,3.81,Informational,falling,True,3.1,watch
mcp prompts,server-detail,320,24,4.25,Informational,falling,False,3.1,watch
mcp-feedback-enhanced 安装,other,320,21,0.0,Informational,falling,False,3.1,watch
memory bank mcp,server-detail,320,16,0.0,Informational,falling,True,3.1,watch
server-sequential-thinking mcp,server-detail,320,16,0.0,Informational,falling,False,3.1,watch
swagger mcp,server-detail,320,21,0.0,Informational,falling,False,3.1,watch
tavily-mcp,other,320,15,3.51,Informational,falling,True,3.1,watch
windsurf mcp,server-detail,320,16,0.0,Informational,falling,True,3.1,watch
claude code cli mcp,server-detail,260,24,0.0,Informational,falling,True,3.1,watch
claude code mcp config file,setup-tutorial,260,22,10.55,Informational,falling,True,3.1,watch
claude mcp for scraping,claude-mcp,260,23,0.0,Informational,falling,True,3.1,watch
create mcp server,server-detail,260,25,2.46,Informational,falling,True,3.1,watch
cursor supabase mcp,server-detail,260,26,0.0,Informational,falling,True,3.1,watch
deepseek mcp,server-detail,260,21,0.0,Informational,falling,True,3.1,watch
fetch mcp server,server-detail,260,22,4.9,Informational,falling,True,3.1,watch
mcp app store,other,260,26,0.0,Informational,falling,False,3.1,watch
mcp filesystem,server-detail,260,21,3.55,Informational,falling,False,3.1,watch
mcp sequential thinking,other,260,16,0.0,Informational,falling,False,3.1,watch
mcp server registry,server-detail,260,29,4.74,Informational,falling,True,3.1,watch
n8n mcp server trigger,server-detail,260,27,0.0,Informational,falling,True,3.1,watch
openmemory mcp,server-detail,260,27,0.0,Informational,falling,False,3.1,watch
playwright mcp cursor,cursor-mcp,260,16,0.0,Informational,falling,True,3.1,watch
twilio mcp server,server-detail,260,16,14.84,Informational,falling,True,3.1,watch
wappalyzer mcp,server-detail,260,27,0.0,Informational,falling,True,3.1,watch
claude desktop mcp server configuration,setup-tutorial,210,27,0.0,Informational,falling,True,3.1,watch
django mcp server,server-detail,210,23,10.47,Informational,falling,False,3.1,watch
mcp chatgpt,server-detail,210,24,7.49,Informational,falling,True,3.1,watch
mcp sampling,server-detail,210,20,0.0,Informational,falling,True,3.1,watch
mcp server authentication,security,210,29,3.52,Informational,falling,True,3.1,watch
mcp server hosting,server-detail,210,23,2.89,Informational,falling,True,3.1,watch
mcp spec sep-1880 sep-1881 authorization field tool scopes,protocol,210,29,0.0,Informational,falling,False,3.1,watch
mcp-grafana,other,210,20,0.0,Informational,falling,False,3.1,watch
memory mcp server,server-detail,210,26,0.0,Informational,falling,False,3.1,watch
minimax-mcp,other,210,20,0.0,Informational,falling,False,3.1,watch
open webui mcp,server-detail,210,20,0.0,Informational,falling,False,3.1,watch
revit mcp plugin,other,210,18,0.0,Informational,falling,True,3.1,watch
selenium mcp server,server-detail,210,24,5.71,Informational,falling,True,3.1,watch
supabase mcp cursor,cursor-mcp,210,21,0.0,Informational,falling,True,3.1,watch
web-search-mcp,other,210,19,2.37,Informational,falling,True,3.1,watch
add mcp server to cursor,server-detail,170,25,0.0,Informational,falling,True,3.1,watch
claude desktop mcp sse,claude-mcp,170,15,0.0,Informational,falling,False,3.1,watch
cve-2025-53967 figma mcp server remote code execution,server-detail,170,21,0.0,Informational,falling,True,3.1,watch
graphiti mcp,server-detail,170,13,0.0,Navigational,falling,True,3.1,watch
ibkr mcp server,server-detail,170,15,0.0,Informational,falling,False,3.1,watch
jenkins mcp server,server-detail,170,17,7.99,Informational,falling,False,3.1,watch
librechat mcp,server-detail,170,18,0.0,Informational,falling,False,3.1,watch
mcp deferred loading tools mechanism,mcp-tools,170,24,0.0,Informational,falling,True,3.1,watch
mcp java sdk,dev-sdk,170,25,0.0,Informational,falling,False,3.1,watch
mcp permit,server-detail,170,20,3.13,"Informational, Navigational",falling,False,3.1,watch
mcp puppeteer,server-detail,170,27,9.86,Informational,falling,True,3.1,watch
mcp server free,server-detail,170,18,2.87,Informational,falling,True,3.1,watch
mcp server gmail,server-detail,170,28,0.0,Informational,falling,False,3.1,watch
most popular mcp servers,server-detail,170,25,2.79,Informational,falling,True,3.1,watch
redis mcp,server-detail,170,25,8.98,Informational,falling,True,3.1,watch
slack mcp server cursor ide setup 2026,setup-tutorial,170,22,0.0,Informational,falling,True,3.1,watch
active mcp,server-detail,140,27,0.0,Informational,falling,False,3.1,watch
airbnb mcp server,server-detail,140,22,0.0,Informational,falling,False,3.1,watch
augment mcp,server-detail,140,17,8.48,Informational,falling,False,3.1,watch
create an mcp server,server-detail,140,26,3.46,Informational,falling,True,3.1,watch
cursor mcp json,cursor-mcp,140,23,8.97,Informational,falling,True,3.1,watch
cve-2025-53967 figma-developer-mcp command injection,other,140,19,0.0,Informational,falling,False,3.1,watch
deep research mcp,server-detail,140,22,6.89,Informational,falling,False,3.1,watch
graphiti mcp server,server-detail,140,25,0.0,Informational,falling,False,3.1,watch
graphql mcp,server-detail,140,16,3.91,Informational,falling,False,3.1,watch
how to build a mcp server,setup-tutorial,140,19,3.27,Informational,falling,True,3.1,watch
how to create a mcp server,setup-tutorial,140,28,2.73,Informational,falling,True,3.1,watch
java mcp server,server-detail,140,19,4.77,Informational,falling,True,3.1,watch
knowledge graph memory mcp,server-detail,140,20,7.23,Informational,falling,False,3.1,watch
lucidchart mcp,server-detail,140,15,5.13,Informational,falling,False,3.1,watch
magic mcp server,server-detail,140,20,0.0,Informational,falling,False,3.1,watch
mcp and pip,other,140,16,0.0,Informational,falling,True,3.1,watch
mcp installer,setup-tutorial,140,29,3.17,Informational,falling,False,3.1,watch
mcp open api,other,140,20,3.06,Informational,falling,True,3.1,watch
mcp resource,server-detail,140,18,2.17,Informational,falling,False,3.1,watch
mcp sdk python,dev-sdk,140,29,4.52,Informational,falling,False,3.1,watch
mcp server fetch,server-detail,140,22,4.43,Informational,falling,True,3.1,watch
mcp sqlite,server-detail,140,24,0.0,Informational,falling,True,3.1,watch
mcp uptown,server-detail,140,23,0.0,Informational,falling,False,3.1,watch
mcp use cases,other,140,26,5.62,Informational,falling,True,3.1,watch
medical abbreviation mcp,server-detail,140,25,0.0,Informational,falling,True,3.1,watch
openapi to mcp,server-detail,140,20,4.57,Informational,falling,False,3.1,watch
qdrant mcp,server-detail,140,16,2.54,Informational,falling,False,3.1,watch
roo code mcp,server-detail,140,19,0.0,Informational,falling,False,3.1,watch
rust mcp server,server-detail,140,15,0.0,Informational,falling,True,3.1,watch
sqlite mcp server,server-detail,140,22,3.86,Informational,falling,True,3.1,watch
sse mcp,server-detail,140,28,0.0,Informational,falling,True,3.1,watch
sure jell mcp,server-detail,140,18,0.75,Informational,falling,True,3.1,watch
browserbase mcp server,server-detail,110,22,0.0,Informational,falling,True,3.1,watch
claude desktop mcp servers how to connect,server-detail,110,15,0.0,Informational,falling,True,3.1,watch
claude filesystem mcp,server-detail,110,27,0.0,Informational,falling,False,3.1,watch
claude mcp add json,claude-mcp,110,27,0.0,Informational,falling,True,3.1,watch
crew ai mcp,server-detail,110,22,0.0,Informational,falling,False,3.1,watch
django mcp,server-detail,110,21,0.0,Informational,falling,True,3.1,watch
eks mcp server,server-detail,110,27,13.89,Informational,falling,False,3.1,watch
fastapi mcp server,server-detail,110,28,4.41,Informational,falling,True,3.1,watch
framelink figma mcp server opens orgs to agentic ai compromise,server-detail,110,21,0.0,Informational,falling,True,3.1,watch
graphql mcp server,server-detail,110,16,4.91,Informational,falling,False,3.1,watch
how to add mcp server to cursor,setup-tutorial,110,20,0.0,Informational,falling,True,3.1,watch
knowledge graph mcp,server-detail,110,17,3.91,Informational,falling,False,3.1,watch
langchain mcp support news 2025,other,110,15,0.0,Informational,falling,True,3.1,watch
mcp and a2a,other,110,25,0.66,Informational,falling,True,3.1,watch
mcp certificate,server-detail,110,28,3.09,Informational,falling,True,3.1,watch
mcp client python,mcp-client,110,28,3.14,Informational,falling,True,3.1,watch
mcp debugger,server-detail,110,23,5.42,Informational,falling,False,3.1,watch
mcp hub not available,other,110,21,0.0,Informational,falling,False,3.1,watch
mcp images,server-detail,110,26,0.0,Informational,falling,False,3.1,watch
mcp in medical terms,other,110,20,0.0,Informational,falling,True,3.1,watch
mcp linear,server-detail,110,27,0.0,Informational,falling,False,3.1,watch
mcp phonics,server-detail,110,16,0.65,Informational,falling,False,3.1,watch
mcp postgresql,server-detail,110,27,4.34,Informational,falling,False,3.1,watch
mcp scan,server-detail,110,23,6.66,Informational,falling,True,3.1,watch
mcp schema,server-detail,110,29,4.45,Informational,falling,True,3.1,watch
mcp server news november 2025,server-detail,110,29,0.0,Informational,falling,True,3.1,watch
mcp server postgres,server-detail,110,15,4.85,Informational,falling,True,3.1,watch
mcp server setup,setup-tutorial,110,25,2.88,Informational,falling,True,3.1,watch
mcp standard news,other,110,27,0.0,Informational,falling,True,3.1,watch
n8n mcp server trigger node,server-detail,110,18,0.0,Informational,falling,True,3.1,watch
nextjs mcp server,server-detail,110,25,12.36,Informational,falling,True,3.1,watch
openapi mcp,server-detail,110,17,3.18,Informational,falling,False,3.1,watch
openapi-mcp,other,110,19,3.18,Informational,falling,False,3.1,watch
qwen mcp,server-detail,110,27,0.0,Informational,falling,False,3.1,watch
raycast mcp,server-detail,110,20,0.0,"Informational, Navigational",falling,False,3.1,watch
spring mcp,server-detail,110,29,0.0,Informational,falling,False,3.1,watch
subluxation of mcp,server-detail,110,17,0.0,Informational,falling,True,3.1,watch
task master mcp,server-detail,110,27,0.0,Informational,falling,False,3.1,watch
workato delivers industry's first enterprise mcp platform for ai agents,mcp-agent,110,26,0.0,Informational,falling,False,3.1,watch
高 德 地图 mcp,other,110,17,0.0,Informational,falling,False,3.1,watch
claude add mcp,server-detail,90,25,0.0,Informational,rising,True,3.1,watch
claude code atlassian mcp,server-detail,90,17,0.0,Informational,rising,False,3.1,watch
claude code mcp add,claude-mcp,90,21,0.0,Informational,rising,True,3.1,watch
claude code mcp add command,claude-mcp,90,20,0.0,Informational,rising,True,3.1,watch
claude code mcp json,claude-mcp,90,29,17.46,Informational,rising,False,3.1,watch
claude code mcp server config,setup-tutorial,90,21,13.82,Informational,rising,True,3.1,watch
codex add mcp,server-detail,90,19,24.63,Informational,rising,True,3.1,watch
codex mcp servers,server-detail,90,23,10.54,Informational,rising,True,3.1,watch
cursor playwright mcp,server-detail,90,29,0.0,Informational,rising,True,3.1,watch
exa search mcp,server-detail,90,20,4.59,Informational,rising,True,3.1,watch
gemini cli add mcp,server-detail,90,21,0.0,Informational,rising,True,3.1,watch
go high level mcp,server-detail,90,21,1000.0,"Informational, Navigational",rising,False,3.1,watch
google ads mcp server,server-detail,90,17,4.38,Informational,rising,False,3.1,watch
jira mcp cursor,cursor-mcp,90,27,3.68,Informational,rising,False,3.1,watch
mcp affiliation list,directory-list,90,25,0.0,Informational,rising,False,3.1,watch
mcp file,server-detail,90,27,0.0,Informational,rising,True,3.1,watch
mcp gateways,server-detail,90,26,3.98,Informational,rising,True,3.1,watch
mcp sample,server-detail,90,25,2.46,Informational,rising,True,3.1,watch
mcp testing,server-detail,90,21,7.52,Informational,rising,True,3.1,watch
minimax mcp,server-detail,90,18,0.0,Informational,rising,False,3.1,watch
mui mcp,server-detail,90,22,0.0,Informational,rising,False,3.1,watch
plaid mcp server,server-detail,90,22,14.65,Informational,rising,True,3.1,watch
prisma mcp,server-detail,90,17,0.0,Informational,rising,False,3.1,watch
react mcp,server-detail,90,15,8.38,Informational,rising,True,3.1,watch
react mcp server,server-detail,90,25,5.03,Informational,rising,True,3.1,watch
redshift mcp,server-detail,90,29,0.0,Informational,rising,False,3.1,watch
ref mcp server,server-detail,90,22,3.25,Informational,rising,True,3.1,watch
remove mcp from claude code,claude-mcp,90,20,39.25,Informational,rising,True,3.1,watch
replicate mcp,server-detail,90,28,4.86,"Informational, Navigational",rising,False,3.1,watch
supabase mcp codex,other,90,17,14.19,Informational,rising,True,3.1,watch
tradingview mcp,server-detail,90,20,0.0,Informational,rising,False,3.1,watch
yahoo finance mcp server,server-detail,90,19,0.0,Informational,rising,False,3.1,watch
.mcp.json,other,70,22,0.0,Informational,rising,True,3.1,watch
add mcp server to vscode,server-detail,70,23,0.0,Informational,rising,True,3.1,watch
angular mcp server,server-detail,70,24,6.15,Informational,rising,True,3.1,watch
ansible mcp server,server-detail,70,20,4.43,Informational,rising,True,3.1,watch
autocad mcp,server-detail,70,29,0.0,Informational,rising,False,3.1,watch
building mcp servers,server-detail,70,22,2.35,Informational,rising,True,3.1,watch
claude code chrome mcp,server-detail,70,27,15.82,Informational,rising,True,3.1,watch
claude code jira mcp,server-detail,70,19,10.85,Informational,rising,True,3.1,watch
claude code puppeteer mcp,server-detail,70,18,0.0,Informational,rising,False,3.1,watch
claude mcp connectors,claude-mcp,70,18,7.76,Informational,rising,True,3.1,watch
cloudwatch mcp,server-detail,70,26,0.0,Informational,rising,False,3.1,watch
codex supabase mcp,server-detail,70,17,0.0,Informational,rising,False,3.1,watch
collateral ligament mcp,server-detail,70,25,0.0,Informational,rising,False,3.1,watch
creating mcp server,server-detail,70,19,3.67,Informational,rising,True,3.1,watch
dataverse mcp server,server-detail,70,24,4.99,Informational,rising,False,3.1,watch
drawio mcp,server-detail,70,23,0.0,Informational,rising,False,3.1,watch
elicitation mcp,server-detail,70,15,0.0,Informational,rising,False,3.1,watch
facebook mcp server,server-detail,70,28,0.0,Informational,rising,True,3.1,watch
gohighlevel mcp,server-detail,70,15,14.06,"Informational, Navigational",rising,False,3.1,watch
graphite mcp,server-detail,70,19,0.0,Informational,rising,False,3.1,watch
honeycomb mcp,server-detail,70,28,0.0,Informational,rising,False,3.1,watch
looker mcp server,server-detail,70,27,12.55,Informational,rising,True,3.1,watch
lovable mcp,server-detail,70,16,7.84,Informational,rising,False,3.1,watch
mcp alternative,comparison,70,24,7.89,Informational,rising,True,3.1,watch
mcp atlas,server-detail,70,23,0.0,Informational,rising,False,3.1,watch
mcp excel,server-detail,70,17,0.0,Informational,rising,False,3.1,watch
mcp mayfield ky,other,70,21,0.46,Informational,rising,False,3.1,watch
mcp observability,server-detail,70,17,10.05,Informational,rising,True,3.1,watch
mcp phone number,other,70,18,0.0,"Informational, Navigational",rising,True,3.1,watch
mcp pip and dip,other,70,20,0.0,Informational,rising,True,3.1,watch
mcp sequential,server-detail,70,20,0.0,Informational,rising,False,3.1,watch
mcp vector database,other,70,15,5.2,Informational,rising,False,3.1,watch
mcp 是什麼,other,70,27,2.42,Informational,rising,True,3.1,watch
photoshop mcp,server-detail,70,21,0.0,Informational,rising,True,3.1,watch
redshift mcp server,server-detail,70,24,0.0,Informational,rising,False,3.1,watch
salesforce dx mcp,server-detail,70,26,27.36,Informational,rising,False,3.1,watch
sequential mcp,server-detail,70,21,0.0,Informational,rising,False,3.1,watch
serena mcp claude code,claude-mcp,70,26,0.0,Informational,rising,True,3.1,watch
service now mcp server,server-detail,70,16,5.73,Informational,rising,False,3.1,watch
strava mcp,server-detail,70,19,0.0,Informational,rising,False,3.1,watch
top mcp servers for claude code,server-detail,70,17,3.5,Informational,rising,True,3.1,watch
wrike mcp,server-detail,70,14,36.11,Navigational,rising,False,3.1,watch
wrike mcp server,server-detail,70,14,35.39,Navigational,rising,False,3.1,watch
xiaohongshu mcp,server-detail,70,11,0.0,Navigational,rising,False,3.1,watch
blender mcp addon,other,50,22,0.0,Informational,rising,False,3.1,watch
braze mcp server,server-detail,50,16,25.71,Informational,rising,True,3.1,watch
claude code connect to mcp,server-detail,50,28,0.0,Informational,rising,True,3.1,watch
claude code mcp configuration file,setup-tutorial,50,24,0.0,Informational,rising,True,3.1,watch
clickhouse mcp server,server-detail,50,18,0.0,Informational,rising,False,3.1,watch
cloudwatch mcp server,server-detail,50,25,0.0,Informational,rising,False,3.1,watch
datahub mcp server,server-detail,50,16,6.88,Informational,rising,True,3.1,watch
digitalocean mcp,server-detail,50,21,0.0,"Informational, Navigational",rising,False,3.1,watch
drupal mcp,server-detail,50,23,0.0,Informational,rising,False,3.1,watch
evernote mcp server,server-detail,50,18,0.0,Informational,rising,False,3.1,watch
facebook ads mcp,server-detail,50,29,12.13,Informational,rising,False,3.1,watch
flutter mcp server,server-detail,50,29,4.39,Informational,rising,True,3.1,watch
k8s mcp,server-detail,50,20,3.86,Informational,rising,True,3.1,watch
mcp codex,server-detail,50,22,11.31,Informational,rising,True,3.1,watch
mcp filesystem server,server-detail,50,22,0.0,Informational,rising,False,3.1,watch
mcp netsuite,server-detail,50,25,12.05,Informational,rising,True,3.1,watch
mcp server authentication and authorization,security,50,18,5.64,Informational,rising,True,3.1,watch
most useful mcp servers,server-detail,50,28,3.35,Informational,rising,True,3.1,watch
netskope mcp,server-detail,50,13,15.91,Navigational,rising,False,3.1,watch
obsidian mcp tools,mcp-tools,50,22,0.0,Informational,rising,False,3.1,watch
redis mcp server,server-detail,50,27,5.03,Informational,rising,True,3.1,watch
revenuecat mcp,server-detail,50,12,14.67,Navigational,rising,False,3.1,watch
spring boot mcp server,server-detail,50,23,3.52,Informational,rising,True,3.1,watch
teams mcp server,server-detail,50,29,0.0,"Informational, Navigational",rising,False,3.1,watch
vault mcp server,server-detail,50,28,0.0,Informational,rising,False,3.1,watch
archon mcp,server-detail,90,4,0.0,Informational,flat,True,3.05,watch
cursor mcp 推荐,cursor-mcp,90,12,0.0,Informational,flat,True,3.05,watch
mcp pectin freezer jam recipes,other,90,4,0.0,Informational,flat,True,3.05,watch
nyse mcp,server-detail,90,13,1.91,Informational,flat,False,3.05,watch
mcp 2515,server-detail,70,13,0.71,Informational,flat,False,3.05,watch
阿里 mcp,other,70,12,0.0,Informational,flat,False,3.05,watch
amadeus mcp server,server-detail,50,1,0.0,Informational,flat,True,3.05,watch
black bolt mcp,server-detail,50,7,0.0,Informational,flat,False,3.05,watch
chroma mcp,server-detail,50,11,0.0,Informational,flat,True,3.05,watch
dbhub mcp,server-detail,50,9,0.0,Informational,flat,True,3.05,watch
deepwiki mcp server,server-detail,50,14,0.0,Informational,flat,False,3.05,watch
everything search mcp,server-detail,50,2,0.0,Informational,flat,True,3.05,watch
evm mcp server,server-detail,50,6,0.0,Informational,flat,False,3.05,watch
mcp industrial,server-detail,50,12,0.0,Informational,flat,False,3.05,watch
mcp pectin cooked jam recipes,other,50,3,0.0,Informational,flat,True,3.05,watch
mcp qdrant,server-detail,50,13,0.0,Informational,flat,False,3.05,watch
mcp raspberry freezer jam recipe,other,50,0,0.0,Informational,flat,True,3.05,watch
nano agent mcp,server-detail,50,4,0.0,Informational,flat,False,3.05,watch
prisma mcp server,server-detail,50,13,0.0,Informational,flat,False,3.05,watch
sequential thinking mcp cursor,cursor-mcp,50,9,0.0,Informational,flat,False,3.05,watch
strands mcp server,server-detail,50,12,0.0,Informational,flat,True,3.05,watch
verify mcp,server-detail,50,12,0.0,Informational,flat,False,3.05,watch
http vs mcp,comparison,70,25,0.0,"Informational, Commercial",falling,True,3.0,watch
mcp best,server-detail,70,18,3.8,Commercial,falling,True,3.0,watch
mcp tool vs resource,comparison,70,17,0.0,"Informational, Commercial",falling,True,3.0,watch
visioncraft mcp,server-detail,70,25,0.0,Commercial,falling,False,3.0,watch
best mcp servers for developers,server-detail,50,23,3.8,Commercial,falling,True,3.0,watch
evaluate the private software company company mulesoft on mcp focus,other,50,21,0.0,Commercial,falling,True,3.0,watch
apple notes mcp,server-detail,2900,23,0.0,Informational,falling,False,2.9,watch
blender mcp with claude code,claude-mcp,2400,23,0.0,Informational,falling,True,2.9,watch
copilotkit mcp,server-detail,2400,18,0.0,Informational,falling,False,2.9,watch
maestro framework for mcp,server-detail,1900,18,0.0,Informational,falling,False,2.9,watch
mcp-remote,other,1900,27,0.0,Informational,falling,True,2.9,watch
sequential thinking mcp,server-detail,1900,25,13.85,Informational,falling,False,2.9,watch
browser mcp,server-detail,1600,26,7.93,Informational,falling,False,2.9,watch
cursor mcp spawn npx enoent,cursor-mcp,1600,24,0.0,Informational,falling,True,2.9,watch
fastapi-mcp,other,1600,24,3.43,Informational,falling,True,2.9,watch
how is fast mcp better than flaskmcp,other,1600,26,0.0,Informational,falling,True,2.9,watch
mcp tron,server-detail,1300,29,0.0,Informational,falling,False,2.9,watch
smithery mcp,server-detail,480,21,0.0,Navigational,falling,False,2.85,watch
mcp-windbg,other,210,18,0.0,Navigational,falling,False,2.85,watch
mcp california,server-detail,170,15,4.99,Navigational,falling,False,2.85,watch
mcp reborn,server-detail,170,22,0.0,Navigational,falling,False,2.85,watch
mcp superassistant,server-detail,170,24,0.0,Navigational,falling,False,2.85,watch
pipedream mcp,server-detail,170,27,8.63,Navigational,falling,False,2.85,watch
mcp hvac,server-detail,140,29,2.82,Navigational,falling,False,2.85,watch
airis mcp gateway,other,110,18,3.98,Navigational,falling,False,2.85,watch
epic mcp,server-detail,110,18,0.0,Navigational,falling,False,2.85,watch
mcp's lake tahoe,other,110,23,0.0,Navigational,falling,False,2.85,watch
mcp's pub tahoe,other,110,20,0.0,Navigational,falling,False,2.85,watch
mcp's south lake tahoe,other,110,16,0.0,Navigational,falling,False,2.85,watch
mcp's tahoe,other,110,17,0.0,Navigational,falling,False,2.85,watch
svelte mcp server,server-detail,110,18,0.0,Navigational,falling,False,2.85,watch
workato enterprise mcp platform,other,110,26,0.0,Navigational,falling,False,2.85,watch
ios simulator mcp,server-detail,90,15,0.0,Navigational,rising,False,2.85,watch
klaviyo mcp,server-detail,90,24,10.16,Navigational,rising,False,2.85,watch
crowdstrike mcp,server-detail,70,25,19.39,Navigational,rising,False,2.85,watch
mcp flooring,server-detail,70,22,2.74,Navigational,rising,False,2.85,watch
mcp property management,other,70,22,2.57,Navigational,rising,False,2.85,watch
mcp somerville tn,other,70,26,8.17,Navigational,rising,False,2.85,watch
mcp stanford,server-detail,70,23,0.0,Navigational,rising,False,2.85,watch
sanity mcp,server-detail,70,19,8.32,Navigational,rising,False,2.85,watch
spec workflow mcp,protocol,70,23,4.15,Navigational,rising,False,2.85,watch
svelte mcp,server-detail,70,18,0.0,Navigational,rising,False,2.85,watch
wechat mcp,server-detail,70,21,0.0,Navigational,rising,False,2.85,watch
ag grid mcp server,server-detail,50,18,0.0,Navigational,rising,False,2.85,watch
hashicorp vault mcp server,server-detail,50,29,0.0,Navigational,rising,False,2.85,watch
is there a github mcp server,server-detail,50,25,0.0,Navigational,rising,False,2.85,watch
mcp academy,server-detail,50,19,3.46,Navigational,rising,False,2.85,watch
mulesoft mcp connector,other,50,20,0.0,Navigational,rising,False,2.85,watch
pendo mcp,server-detail,50,16,48.21,Navigational,rising,False,2.85,watch
workato mcp server,server-detail,50,20,21.52,Navigational,rising,False,2.85,watch
mcp o que é,other,90,26,0.0,Informational,flat,True,2.8,watch
mcp server generator,server-detail,90,18,3.78,Informational,flat,True,2.8,watch
mcp server java,server-detail,90,23,0.0,Informational,flat,True,2.8,watch
mcp universe,server-detail,90,27,0.0,Informational,flat,False,2.8,watch
unreal engine 5 mcp server,server-detail,90,24,0.0,Informational,flat,True,2.8,watch
vector search mcp,server-detail,90,20,0.0,Informational,flat,False,2.8,watch
what is an mcp client,what-is-mcp,90,28,0.0,Informational,flat,True,2.8,watch
ahrefs mcp server,server-detail,70,29,0.0,Informational,flat,True,2.8,watch
cherrystudio mcp,server-detail,70,15,0.0,Informational,flat,False,2.8,watch
codex cli mcp servers,server-detail,70,24,10.62,Informational,flat,True,2.8,watch
cursor mcp 使用,cursor-mcp,70,19,0.0,Informational,flat,False,2.8,watch
directus mcp,server-detail,70,9,0.0,Navigational,flat,False,2.8,watch
mcp collateral ligament,other,70,21,0.0,Informational,flat,True,2.8,watch
mcp industries,server-detail,70,19,0.0,Informational,flat,False,2.8,watch
mcp industries inc,other,70,18,0.0,Informational,flat,False,2.8,watch
mcp orlando,server-detail,70,23,1.35,Informational,flat,True,2.8,watch
mcp server discovery,server-detail,70,19,3.91,Informational,flat,True,2.8,watch
mcp 使用,other,70,22,0.0,Informational,flat,True,2.8,watch
phl to mcp,server-detail,70,27,0.67,Informational,flat,False,2.8,watch
tailwindcss mcp,server-detail,70,17,0.0,Informational,flat,True,2.8,watch
add mcp servers to claude code,server-detail,50,23,0.0,Informational,flat,True,2.8,watch
ca mcp id,other,50,28,0.0,Informational,flat,True,2.8,watch
debugging mcp servers,server-detail,50,20,0.0,Informational,flat,True,2.8,watch
docs mcp,server-detail,50,26,0.0,Informational,flat,False,2.8,watch
how to add mcp servers to claude code,setup-tutorial,50,25,0.0,Informational,flat,True,2.8,watch
mcp api key,other,50,19,4.44,Informational,flat,True,2.8,watch
mcp c,server-detail,50,27,0.0,Informational,flat,True,2.8,watch
mcp for dummies,other,50,20,2.47,Informational,flat,True,2.8,watch
mcp pdf,server-detail,50,17,0.0,Informational,flat,False,2.8,watch
mcp remote servers,server-detail,50,28,3.39,Informational,flat,False,2.8,watch
mcp server claude code,server-detail,50,24,0.0,Informational,flat,True,2.8,watch
mcp server google calendar,server-detail,50,26,0.0,Informational,flat,False,2.8,watch
mcp server session,server-detail,50,29,0.0,Informational,flat,True,2.8,watch
mcp zero,server-detail,50,28,0.0,Informational,flat,False,2.8,watch
postman mcp client,mcp-client,50,17,0.0,Informational,flat,True,2.8,watch
puppeteer mcp claude code,claude-mcp,50,24,0.0,Informational,flat,True,2.8,watch
roocode mcp,server-detail,50,26,0.0,Informational,flat,False,2.8,watch
wikipedia mcp server,server-detail,50,27,0.0,Informational,flat,False,2.8,watch
mcp aggregator,server-detail,90,10,0.0,Informational,falling,False,2.75,watch
mcp definition medical,other,90,11,0.0,Informational,falling,True,2.75,watch
mcp fusion,server-detail,90,6,0.0,Informational,falling,True,2.75,watch
mcp pectin freezer jam,other,90,3,0.0,Informational,falling,True,2.75,watch
mcp server postgresql,server-detail,90,13,2.63,Informational,falling,True,2.75,watch
mcp server sse,server-detail,90,10,0.0,Informational,falling,True,2.75,watch
appwrite mcp server,server-detail,70,4,0.0,Informational,falling,False,2.75,watch
claude desktop mcp how to add server,server-detail,70,11,0.0,Informational,falling,True,2.75,watch
claude desktop mcp how to connect server,server-detail,70,4,0.0,Informational,falling,True,2.75,watch
cve-2025-53967 figma developer mcp command injection,other,70,9,0.0,Informational,falling,True,2.75,watch
mcp beast,server-detail,70,8,0.0,Informational,falling,False,2.75,watch
mcp goldendale farm & home,other,70,12,0.0,Informational,falling,False,2.75,watch
mcp monster com,other,70,14,0.0,Informational,falling,False,2.75,watch
mcp pectin instructions pdf,other,70,13,0.0,Informational,falling,True,2.75,watch
mcp pectin website,other,70,7,2.32,Informational,falling,False,2.75,watch
mcp petroleum,server-detail,70,5,0.0,Informational,falling,True,2.75,watch
mcp phoenix,server-detail,70,12,0.0,Informational,falling,False,2.75,watch
mcp strawberry freezer jam recipe,other,70,11,0.0,Informational,falling,False,2.75,watch
mcp university,server-detail,70,11,1.4,Informational,falling,False,2.75,watch
openweb ui mcp,server-detail,70,10,0.0,Informational,falling,False,2.75,watch
rally mcp server,server-detail,70,6,0.0,Informational,falling,False,2.75,watch
word mcp server,server-detail,70,7,0.0,Informational,falling,False,2.75,watch
apocalypse mcp,server-detail,50,11,0.0,Informational,falling,False,2.75,watch
claude desktop mcp stdio connection,claude-mcp,50,13,0.0,Informational,falling,True,2.75,watch
cosmic ghost rider mcp,server-detail,50,6,0.0,Informational,falling,False,2.75,watch
free cad mcp,server-detail,50,3,0.0,Informational,falling,False,2.75,watch
mcp 1 elisa,other,50,14,10.21,Informational,falling,False,2.75,watch
mcp fire system,other,50,5,0.0,Informational,falling,True,2.75,watch
mcp ipaas,server-detail,50,3,0.0,Informational,falling,True,2.75,watch
metasploit mcp,server-detail,50,12,0.0,Informational,falling,False,2.75,watch
mindsdb mcp,server-detail,50,13,0.0,Informational,falling,False,2.75,watch
n8n mcp claude,claude-mcp,50,14,9.86,Informational,falling,True,2.75,watch
phoenix mcp,server-detail,50,10,0.0,Informational,falling,False,2.75,watch
qwen3 mcp,server-detail,50,11,0.0,Informational,falling,False,2.75,watch
repomix mcp,server-detail,50,4,0.0,Informational,falling,True,2.75,watch
next js mcp server,server-detail,5400,26,9.73,Informational,falling,True,2.7,watch
mcp inspector,protocol,4400,24,7.01,Informational,falling,True,2.7,watch
astro mcp,server-detail,3600,29,6.39,Informational,falling,False,2.7,watch
spec-workflow-mcp,protocol,1600,21,6.18,Navigational,falling,False,2.65,watch
stanford mcp,server-detail,90,23,0.0,Navigational,flat,False,2.55,watch
api to mcp,server-detail,90,21,4.34,Informational,falling,True,2.5,watch
browser tools mcp cursor,mcp-tools,90,18,0.0,Informational,falling,False,2.5,watch
claude desktop mcp how to add servers,server-detail,90,21,0.0,Informational,falling,True,2.5,watch
claude desktop remote mcp server,server-detail,90,21,0.0,Informational,falling,True,2.5,watch
claude mcp integrations,claude-mcp,90,23,10.59,Informational,falling,False,2.5,watch
claude mcp setup,setup-tutorial,90,24,16.09,Informational,falling,True,2.5,watch
dmv mcp phone number,other,90,24,0.0,"Informational, Navigational",falling,True,2.5,watch
fast api mcp,server-detail,90,27,0.0,Informational,falling,False,2.5,watch
framelink mcp security flaw remote code execution,security,90,18,0.0,Informational,falling,True,2.5,watch
how to become a mcp,setup-tutorial,90,23,1.77,Informational,falling,True,2.5,watch
java mcp,server-detail,90,26,0.0,Informational,falling,True,2.5,watch
k8s mcp server,server-detail,90,23,5.43,Informational,falling,False,2.5,watch
langgraph mcp server,server-detail,90,16,6.38,Informational,falling,True,2.5,watch
mcp claude desktop,claude-mcp,90,28,0.0,Informational,falling,False,2.5,watch
mcp client server,mcp-client,90,24,2.11,Informational,falling,True,2.5,watch
mcp connect,server-detail,90,23,0.0,Informational,falling,False,2.5,watch
mcp graphql,server-detail,90,18,0.0,Informational,falling,False,2.5,watch
mcp hackathon,server-detail,90,17,0.0,Informational,falling,False,2.5,watch
mcp memory server,server-detail,90,22,3.84,Informational,falling,False,2.5,watch
mcp new york,other,90,26,0.0,Informational,falling,True,2.5,watch
mcp number,server-detail,90,28,3.33,Informational,falling,False,2.5,watch
mcp playground,server-detail,90,24,0.0,Informational,falling,False,2.5,watch
mcp projects,server-detail,90,24,3.25,Informational,falling,True,2.5,watch
mcp resources tools prompts,mcp-tools,90,15,0.0,Informational,falling,True,2.5,watch
mcp roadmap,server-detail,90,19,0.0,Informational,falling,False,2.5,watch
mcp server git,server-detail,90,23,0.0,Informational,falling,False,2.5,watch
mcp server prompts,server-detail,90,26,3.84,Informational,falling,False,2.5,watch
mcp server time,server-detail,90,23,0.0,Informational,falling,True,2.5,watch
mcp transport,server-detail,90,29,0.0,Informational,falling,True,2.5,watch
mcp 开发,other,90,24,0.0,Informational,falling,False,2.5,watch
mcp's irish pub photos,other,90,29,0.0,Informational,falling,False,2.5,watch
n8n mcp client stdio,mcp-client,90,22,0.0,Informational,falling,True,2.5,watch
n8n mcp servers,server-detail,90,28,10.71,Informational,falling,True,2.5,watch
netlify mcp server,server-detail,90,24,0.0,Informational,falling,False,2.5,watch
npm mcp,server-detail,90,29,0.0,Informational,falling,True,2.5,watch
openapi mcp server,server-detail,90,19,3.52,Informational,falling,True,2.5,watch
rag mcp server,server-detail,90,21,5.25,Informational,falling,True,2.5,watch
ruby mcp,server-detail,90,26,0.0,Informational,falling,True,2.5,watch
subluxation mcp,server-detail,90,20,0.0,Informational,falling,True,2.5,watch
vapi mcp,server-detail,90,24,0.0,"Informational, Navigational",falling,False,2.5,watch
warp mcp,server-detail,90,15,0.0,Informational,falling,False,2.5,watch
agno mcp,server-detail,70,15,0.0,Informational,falling,False,2.5,watch
autogen mcp,server-detail,70,21,0.0,Informational,falling,True,2.5,watch
chatgpt mcp support model context protocol,protocol,70,26,0.0,Informational,falling,True,2.5,watch
claude code mcp server documentation,server-detail,70,26,0.0,Informational,falling,True,2.5,watch
claude desktop configure mcp server,setup-tutorial,70,18,0.0,Informational,falling,True,2.5,watch
claude desktop mcp tools,mcp-tools,70,26,0.0,Informational,falling,True,2.5,watch
claude mcp add syntax,claude-mcp,70,27,0.0,Informational,falling,True,2.5,watch
cve-2025-53967 figma developer mcp,server-detail,70,16,0.0,Informational,falling,True,2.5,watch
cve-2025-53967 figma mcp server,server-detail,70,28,0.0,Informational,falling,True,2.5,watch
cve-2025-53967 figma mcp server command injection,server-detail,70,17,0.0,Informational,falling,True,2.5,watch
cve-2025-53967 figma mcp server rce,server-detail,70,18,0.0,Informational,falling,True,2.5,watch
dolphin mcp,server-detail,70,16,0.0,Informational,falling,False,2.5,watch
elan mcp,server-detail,70,26,5.04,Informational,falling,False,2.5,watch
fastapi_mcp,other,70,26,3.43,Informational,falling,False,2.5,watch
langflow mcp,server-detail,70,17,0.0,Informational,falling,False,2.5,watch
mcp http,server-detail,70,22,0.0,Informational,falling,False,2.5,watch
mcp knowledge graph,other,70,22,3.54,Informational,falling,False,2.5,watch
mcp performance implications in production,other,70,22,0.0,Informational,falling,True,2.5,watch
mcp server file system,server-detail,70,22,0.0,Informational,falling,True,2.5,watch
mcp server filesystem,server-detail,70,28,3.28,Informational,falling,False,2.5,watch
mcp streaming,server-detail,70,27,0.0,Informational,falling,False,2.5,watch
mcp vulnerability news,other,70,23,0.0,Informational,falling,True,2.5,watch
mcp windsurf,server-detail,70,15,0.0,Informational,falling,False,2.5,watch
n8n-mcp-server,server-detail,70,28,10.71,Informational,falling,False,2.5,watch
ollama mcp support,other,70,18,0.0,Informational,falling,True,2.5,watch
q cli mcp,server-detail,70,21,0.0,Informational,falling,False,2.5,watch
vapi mcp server,server-detail,70,21,0.0,"Informational, Navigational",falling,False,2.5,watch
windsurf mcp servers,server-detail,70,20,0.0,Informational,falling,False,2.5,watch
zerodha mcp,server-detail,70,20,0.0,Informational,falling,False,2.5,watch
1 mcp ethylene inhibitor,other,50,23,0.0,Informational,falling,True,2.5,watch
agentic ai and mcp,server-detail,50,21,5.21,Informational,falling,True,2.5,watch
claude code cli mcp configuration,setup-tutorial,50,23,0.0,Informational,falling,True,2.5,watch
claude desktop configure mcp servers,setup-tutorial,50,23,0.0,Informational,falling,True,2.5,watch
claude desktop mcp configuration file path,setup-tutorial,50,20,0.0,Informational,falling,True,2.5,watch
claude desktop mcp news,claude-mcp,50,28,0.0,Informational,falling,False,2.5,watch
claude mcp configuration,setup-tutorial,50,28,18.0,Informational,falling,True,2.5,watch
claude mcp server setup,setup-tutorial,50,25,0.0,Informational,falling,True,2.5,watch
claude mcp settings,claude-mcp,50,15,38.78,Informational,falling,True,2.5,watch
claude remote mcp,server-detail,50,23,0.0,Informational,falling,False,2.5,watch
cursor mcp client closed,mcp-client,50,21,0.0,Informational,falling,True,2.5,watch
cursor mcp 配置,cursor-mcp,50,17,8.42,Informational,falling,False,2.5,watch
cybersecurity mcp,security,50,24,7.81,Informational,falling,True,2.5,watch
cypress mcp server,server-detail,50,15,0.0,Informational,falling,False,2.5,watch
dbt-mcp,other,50,19,0.0,Informational,falling,False,2.5,watch
draw io mcp server,server-detail,50,23,0.0,Informational,falling,False,2.5,watch
emacs mcp,server-detail,50,15,0.0,Informational,falling,False,2.5,watch
everything new in ios 26.1 beta 1 mcp,server-detail,50,29,0.0,Informational,falling,True,2.5,watch
figma mcp server vulnerability remote code execution,server-detail,50,24,0.0,Informational,falling,True,2.5,watch
how to add mcp to claude,setup-tutorial,50,19,15.47,Informational,falling,True,2.5,watch
how to use mcp with claude desktop,setup-tutorial,50,22,0.0,Informational,falling,True,2.5,watch
mcp and rag,other,50,27,2.63,Informational,falling,True,2.5,watch
mcp badge,server-detail,50,28,0.0,Informational,falling,False,2.5,watch
mcp cline,server-detail,50,29,0.0,Informational,falling,True,2.5,watch
mcp cost,server-detail,50,26,0.0,Informational,falling,True,2.5,watch
mcp fastapi,server-detail,50,25,0.0,Informational,falling,True,2.5,watch
mcp management service,other,50,29,4.36,Informational,falling,True,2.5,watch
mcp openapi,server-detail,50,17,2.29,Informational,falling,False,2.5,watch
mcp release date,other,50,26,0.0,Informational,falling,True,2.5,watch
mcp server kubernetes,server-detail,50,29,4.23,Informational,falling,True,2.5,watch
mcp server oauth,security,50,26,3.06,Informational,falling,False,2.5,watch
mcp server tutorial python,setup-tutorial,50,27,0.0,Informational,falling,False,2.5,watch
mcp sse server,server-detail,50,20,0.0,Informational,falling,False,2.5,watch
mcp zillow,server-detail,50,19,0.0,Informational,falling,True,2.5,watch
n8n claude mcp,server-detail,50,27,7.35,Informational,falling,True,2.5,watch
npm mcp remote,dev-sdk,50,20,0.0,Informational,falling,True,2.5,watch
paper search mcp,server-detail,50,21,0.0,Informational,falling,False,2.5,watch
postman mcp generator,other,50,19,0.0,Informational,falling,True,2.5,watch
punkpeye awesome mcp servers,server-detail,50,7,11.1,Navigational,falling,False,2.5,watch
salesforce mcp ai,other,50,29,0.0,Informational,falling,False,2.5,watch
setup mcp server,setup-tutorial,50,20,2.98,Informational,falling,True,2.5,watch
smolagents mcp,server-detail,50,24,0.0,Informational,falling,True,2.5,watch
tailwind css mcp server,server-detail,50,15,0.0,Informational,falling,False,2.5,watch
taskmaster ai mcp,server-detail,50,21,0.0,Informational,falling,False,2.5,watch
thinking mcp,server-detail,50,23,0.0,Informational,falling,False,2.5,watch
uvx mcp server,server-detail,50,20,0.0,Informational,falling,True,2.5,watch
腾讯 mcp,other,50,25,0.0,Informational,falling,False,2.5,watch
california mcp,server-detail,90,15,4.4,Navigational,falling,False,2.25,drop
mcp chimney & masonry inc,other,90,26,5.47,Navigational,falling,False,2.25,drop
mcp unlimited,server-detail,90,29,0.0,Navigational,falling,False,2.25,drop
mcp kennewick,server-detail,70,23,0.0,Navigational,falling,False,2.25,drop
mcp smithery,server-detail,70,17,0.0,Navigational,falling,False,2.25,drop
mcp unlimited llc,other,50,23,0.0,Navigational,falling,False,2.25,drop
